nim,limit_score,turunan_score,aplikasi_turunan_score,integral_tentu_score,teknik_integrasi_score,integral_lipat_score,total_score,jumlah_benar,jumlah_salah,waktu_detik,mudah_score,sedang_score,sulit_score,konsistensi_score,attempt_ke,level_quiz,label_kelompok,cluster,cluster_label
202300001,58.5,60.1,27.6,34.7,20.2,29.6,38.4,8,12,1019,59.3,31.2,24.9,16.82,3,Mudah,Beginner,1,Beginner
202300002,83.7,77.9,94.7,88.3,87.8,61.1,82.3,16,4,658,80.8,91.5,74.4,11.75,1,Sulit,Advanced,0,Intermediate
202300003,62.4,57.5,43.5,46.1,72.8,60.1,57.1,11,9,1045,60.0,44.8,66.4,10.86,2,Mudah,Intermediate,0,Intermediate
202300004,73.7,73.4,48.0,60.9,58.3,64.0,63.0,13,7,1062,73.6,54.4,61.2,9.75,3,Sedang,Intermediate,0,Intermediate
202300005,39.2,38.0,23.1,34.0,28.6,39.0,33.6,7,13,1200,38.6,28.6,33.8,6.56,2,Sulit,Beginner,1,Beginner
202300006,43.0,21.5,23.4,55.4,23.9,46.5,35.6,7,13,1083,32.2,39.4,35.2,14.49,4,Mudah,Beginner,1,Beginner
202300007,49.8,37.4,39.7,45.3,52.8,31.7,42.8,9,11,1484,43.6,42.5,42.2,7.97,4,Mudah,Beginner,1,Beginner
202300008,70.8,81.5,80.6,89.4,92.9,74.3,81.6,16,4,738,76.2,85.0,83.6,8.48,1,Sedang,Advanced,0,Intermediate
202300009,62.5,75.1,56.6,62.0,61.1,65.6,63.8,13,7,845,68.8,59.3,63.4,6.24,1,Sedang,Intermediate,0,Intermediate
202300010,66.0,59.4,83.8,38.9,69.8,57.8,62.6,13,7,768,62.7,61.4,63.8,14.88,4,Sedang,Intermediate,0,Intermediate
202300011,31.2,45.9,39.8,42.7,33.6,41.8,39.2,8,12,1339,38.6,41.2,37.7,5.65,4,Sedang,Beginner,1,Beginner
202300012,87.2,79.6,79.0,96.2,91.8,89.8,87.3,17,3,536,83.4,87.6,90.8,6.84,1,Sulit,Advanced,0,Intermediate
202300013,78.7,93.5,97.9,76.8,79.2,76.7,83.8,17,3,502,86.1,87.4,78.0,9.38,1,Sulit,Advanced,0,Intermediate
202300014,43.1,61.9,23.2,39.6,7.7,42.9,36.4,7,13,1218,52.5,31.4,25.3,18.68,1,Sedang,Beginner,1,Beginner
202300015,32.2,44.1,45.8,33.8,45.1,40.9,40.3,8,12,1074,38.2,39.8,43.0,5.93,4,Sedang,Beginner,1,Beginner
202300016,46.9,41.0,44.2,44.3,19.8,16.3,35.4,7,13,1277,44.0,44.2,18.0,13.63,1,Mudah,Beginner,1,Beginner
202300017,44.6,50.7,26.7,26.2,14.1,23.4,31.0,6,14,971,47.7,26.4,18.8,13.84,2,Sedang,Beginner,1,Beginner
202300018,89.9,75.4,78.9,58.2,58.0,50.3,68.4,14,6,993,82.6,68.6,54.2,15.24,3,Sulit,Intermediate,0,Intermediate
202300019,70.5,51.8,60.4,68.3,77.7,65.7,65.7,13,7,770,61.2,64.4,71.7,8.89,1,Sedang,Intermediate,0,Intermediate
202300020,54.9,13.1,35.5,39.8,22.2,43.7,34.9,7,13,900,34.0,37.6,33.0,15.09,2,Sulit,Beginner,1,Beginner
202300021,64.0,61.2,64.2,77.1,55.3,66.6,64.7,13,7,676,62.6,70.6,61.0,7.19,1,Sedang,Intermediate,0,Intermediate
202300022,25.7,34.1,40.3,51.2,33.7,16.4,33.6,7,13,1460,29.9,45.8,25.0,11.94,3,Sedang,Beginner,1,Beginner
202300023,11.7,47.7,30.6,53.8,6.8,28.4,29.8,6,14,1420,29.7,42.2,17.6,18.74,1,Sedang,Beginner,1,Beginner
202300024,43.8,36.5,36.1,39.6,33.5,35.1,37.4,7,13,1040,40.2,37.8,34.3,3.71,3,Sulit,Beginner,1,Beginner
202300025,70.3,64.0,59.4,82.3,66.2,59.3,66.9,13,7,1067,67.2,70.8,62.8,8.62,2,Mudah,Intermediate,0,Intermediate
202300026,56.3,76.8,69.6,52.1,65.1,73.6,65.6,13,7,965,66.6,60.8,69.4,9.74,1,Sedang,Intermediate,0,Intermediate
202300027,28.9,47.8,19.8,34.5,41.3,39.1,35.2,7,13,1483,38.3,27.2,40.2,9.88,1,Mudah,Beginner,1,Beginner
202300028,63.6,77.0,84.6,56.6,57.4,52.7,65.3,13,7,824,70.3,70.6,55.0,12.72,1,Mudah,Intermediate,0,Intermediate
202300029,50.8,49.9,62.4,78.6,71.6,52.3,60.9,12,8,1009,50.3,70.5,62.0,12.06,1,Sulit,Intermediate,0,Intermediate
202300030,38.2,33.5,38.1,30.1,20.7,39.6,33.4,7,13,938,35.8,34.1,30.2,7.15,3,Mudah,Beginner,1,Beginner
202300031,54.4,65.2,61.1,53.4,58.6,72.9,60.9,12,8,838,59.8,57.2,65.8,7.3,3,Sedang,Intermediate,0,Intermediate
202300032,24.8,44.4,27.2,31.9,55.4,25.5,34.9,7,13,1478,34.6,29.6,40.4,12.4,2,Mudah,Beginner,1,Beginner
202300033,47.2,56.6,25.1,23.1,30.5,36.9,36.6,7,13,1223,51.9,24.1,33.7,13.15,2,Mudah,Beginner,1,Beginner
202300034,81.6,100.0,77.7,78.4,90.8,83.8,85.4,17,3,558,90.8,78.1,87.3,8.57,1,Sulit,Advanced,0,Intermediate
202300035,74.8,73.5,96.8,82.7,91.4,97.7,86.2,17,3,478,74.2,89.8,94.6,10.73,2,Sedang,Advanced,0,Intermediate
202300036,75.2,89.4,81.8,85.8,67.9,77.9,79.7,16,4,758,82.3,83.8,72.9,7.73,1,Sedang,Advanced,0,Intermediate
202300037,23.3,51.2,45.2,26.4,36.9,30.8,35.6,7,13,1287,37.2,35.8,33.8,10.92,1,Sulit,Beginner,1,Beginner
202300038,48.2,25.1,45.8,65.5,62.4,44.4,48.6,10,10,1124,36.7,55.6,53.4,14.52,1,Mudah,Beginner,1,Beginner
202300039,60.6,52.4,52.0,73.0,77.8,60.0,62.6,13,7,1171,56.5,62.5,68.9,10.64,2,Sedang,Intermediate,0,Intermediate
202300040,59.2,65.0,75.2,49.5,47.5,52.0,58.1,12,8,613,62.1,62.4,49.8,10.63,1,Sedang,Intermediate,0,Intermediate
202300041,48.6,50.3,34.6,37.3,46.4,42.0,43.2,9,11,1082,49.4,36.0,44.2,6.32,2,Mudah,Beginner,1,Beginner
202300042,53.6,60.5,63.3,57.5,66.4,61.6,60.5,12,8,1153,57.0,60.4,64.0,4.48,1,Sedang,Intermediate,0,Intermediate
202300043,13.6,37.9,67.0,36.7,52.5,49.4,42.8,9,11,1093,25.8,51.8,51.0,18.09,3,Mudah,Beginner,1,Beginner
202300044,85.0,82.4,69.4,75.8,93.3,77.6,80.6,16,4,541,83.7,72.6,85.4,8.26,1,Sulit,Advanced,0,Intermediate
202300045,43.7,40.6,46.7,21.6,47.4,53.5,42.2,8,12,1221,42.2,34.2,50.4,10.99,1,Mudah,Beginner,1,Beginner
202300046,68.0,65.6,75.4,45.8,67.3,60.9,63.8,13,7,1094,66.8,60.6,64.1,10.0,1,Sedang,Intermediate,0,Intermediate
202300047,64.6,29.2,38.2,57.6,41.6,46.6,46.3,9,11,962,46.9,47.9,44.1,12.98,1,Mudah,Beginner,1,Beginner
202300048,51.8,61.9,76.2,34.5,58.9,76.3,59.9,12,8,1166,56.8,55.4,67.6,15.81,2,Sedang,Intermediate,0,Intermediate
202300049,56.0,66.6,64.3,59.6,63.3,62.8,62.1,12,8,1077,61.3,62.0,63.0,3.75,1,Mudah,Intermediate,0,Intermediate
202300050,20.0,48.4,43.8,27.8,21.9,33.5,32.6,7,13,1009,34.2,35.8,27.7,11.59,2,Mudah,Beginner,1,Beginner
202300051,72.2,63.6,80.7,95.3,81.1,86.7,79.9,16,4,762,67.9,88.0,83.9,11.05,1,Sulit,Advanced,0,Intermediate
202300052,79.3,67.0,42.9,41.4,66.4,54.6,58.6,12,8,831,73.2,42.2,60.5,14.95,1,Sedang,Intermediate,0,Intermediate
202300053,93.3,98.1,78.1,79.9,78.3,88.1,86.0,17,3,613,95.7,79.0,83.2,8.52,1,Sulit,Advanced,0,Intermediate
202300054,77.4,81.5,90.6,81.7,76.8,95.7,84.0,17,3,796,79.4,86.2,86.2,7.58,2,Sedang,Advanced,0,Intermediate
202300055,75.0,89.8,63.8,83.9,83.1,51.4,74.5,15,5,1178,82.4,73.8,67.2,14.46,1,Sulit,Intermediate,0,Intermediate
202300056,76.5,100.0,79.6,86.7,86.5,77.8,84.5,17,3,481,88.2,83.2,82.2,8.74,1,Sulit,Advanced,0,Intermediate
202300057,19.8,49.0,45.4,33.5,15.2,43.0,34.3,7,13,1152,34.4,39.4,29.1,14.08,1,Sedang,Beginner,1,Beginner
202300058,61.7,36.4,50.5,37.6,19.7,46.8,42.1,8,12,1189,49.0,44.0,33.2,14.36,2,Mudah,Beginner,1,Beginner
202300059,36.6,33.9,30.2,38.7,34.2,25.0,33.1,7,13,1126,35.2,34.4,29.6,4.89,2,Sulit,Beginner,1,Beginner
202300060,29.9,32.6,24.3,21.8,40.7,44.0,32.2,6,14,1118,31.2,23.0,42.4,8.8,2,Sedang,Beginner,1,Beginner
202300061,26.4,51.0,65.2,39.0,44.1,7.4,38.8,8,12,931,38.7,52.1,25.8,20.07,3,Sedang,Beginner,1,Beginner
202300062,29.9,53.2,18.0,35.2,40.6,35.4,35.4,7,13,1311,41.6,26.6,38.0,11.64,1,Mudah,Beginner,1,Beginner
202300063,84.0,75.9,89.2,83.0,84.5,88.8,84.2,17,3,629,80.0,86.1,86.6,4.83,1,Sedang,Advanced,0,Intermediate
202300064,27.7,15.8,38.2,29.1,25.7,43.8,30.0,6,14,1017,21.8,33.7,34.8,9.84,3,Mudah,Beginner,1,Beginner
202300065,42.7,36.4,40.7,44.9,28.0,28.8,36.9,7,13,1390,39.6,42.8,28.4,7.17,4,Mudah,Beginner,1,Beginner
202300066,54.7,75.9,40.2,62.3,63.4,70.8,61.2,12,8,1082,65.3,51.2,67.1,12.63,1,Sulit,Intermediate,0,Intermediate
202300067,46.0,51.4,28.3,22.2,30.8,16.8,32.6,7,13,1192,48.7,25.2,23.8,13.51,2,Mudah,Beginner,1,Beginner
202300068,78.5,93.2,100.0,68.1,88.1,74.6,83.8,17,3,563,85.8,84.0,81.4,12.07,1,Mudah,Advanced,0,Intermediate
202300069,40.4,27.3,36.7,49.5,61.2,35.6,41.8,8,12,1283,33.8,43.1,48.4,11.94,1,Mudah,Beginner,1,Beginner
202300070,66.5,88.8,91.0,71.9,96.9,74.4,81.6,16,4,558,77.6,81.4,85.6,12.23,1,Sedang,Advanced,0,Intermediate
202300071,54.3,86.9,70.2,81.7,62.7,67.7,70.6,14,6,742,70.6,76.0,65.2,12.05,1,Mudah,Intermediate,0,Intermediate
202300072,30.3,24.4,37.0,18.3,32.2,36.0,29.7,6,14,1338,27.4,27.6,34.1,7.18,3,Sedang,Beginner,1,Beginner
202300073,24.6,21.0,31.1,64.1,48.3,37.0,37.7,8,12,924,22.8,47.6,42.6,16.15,2,Mudah,Beginner,1,Beginner
202300074,74.2,83.6,79.3,73.8,79.4,91.1,80.2,16,4,465,78.9,76.6,85.2,6.46,1,Mudah,Advanced,0,Intermediate
202300075,59.2,43.7,57.0,88.4,59.3,86.2,65.6,13,7,604,51.4,72.7,72.8,17.77,1,Sedang,Intermediate,0,Intermediate
202300076,53.9,59.2,76.1,57.3,60.0,53.2,60.0,12,8,692,56.6,66.7,56.6,8.37,3,Sedang,Intermediate,0,Intermediate
202300077,61.3,27.4,56.3,60.2,68.6,65.4,56.5,11,9,641,44.3,58.2,67.0,14.89,1,Mudah,Intermediate,0,Intermediate
202300078,30.9,55.6,21.9,54.2,52.3,63.1,46.3,9,11,1497,43.2,38.0,57.7,16.12,2,Sedang,Beginner,1,Beginner
202300079,55.1,41.7,33.8,31.6,22.9,42.1,37.9,8,12,1073,48.4,32.7,32.5,11.04,2,Sedang,Beginner,1,Beginner
202300080,17.7,39.7,54.5,48.0,45.7,19.5,37.5,8,12,990,28.7,51.2,32.6,15.41,2,Sedang,Beginner,1,Beginner
202300081,84.5,80.1,72.2,96.7,82.1,96.5,85.4,17,3,536,82.3,84.4,89.3,9.64,1,Sulit,Advanced,0,Intermediate
202300082,57.8,78.1,88.0,56.1,61.7,72.8,69.1,14,6,1162,67.9,72.0,67.2,12.68,1,Mudah,Intermediate,0,Intermediate
202300083,36.9,35.5,11.3,19.7,53.4,37.2,32.3,6,14,1212,36.2,15.5,45.3,14.83,1,Sulit,Beginner,1,Beginner
202300084,46.4,25.3,51.3,64.8,32.7,43.5,44.0,9,11,1119,35.8,58.0,38.1,13.92,1,Sedang,Beginner,1,Beginner
202300085,35.6,40.5,39.0,28.5,34.6,23.2,33.6,7,13,1424,38.0,33.8,28.9,6.57,2,Sulit,Beginner,1,Beginner
202300086,31.2,34.5,24.9,42.4,36.6,48.9,36.4,7,13,1137,32.8,33.6,42.8,8.43,3,Mudah,Beginner,1,Beginner
202300087,59.8,66.8,72.9,48.4,65.9,69.6,63.9,13,7,801,63.3,60.6,67.8,8.75,1,Sulit,Intermediate,0,Intermediate
202300088,84.2,54.4,57.8,55.6,73.8,56.5,63.7,13,7,724,69.3,56.7,65.2,12.34,1,Sulit,Intermediate,0,Intermediate
202300089,85.1,77.1,80.2,80.4,80.1,85.1,81.3,16,4,601,81.1,80.3,82.6,3.16,1,Sulit,Advanced,0,Intermediate
202300090,63.9,62.9,53.4,67.3,60.3,69.1,62.8,13,7,790,63.4,60.4,64.7,5.58,2,Mudah,Intermediate,0,Intermediate
202300091,17.7,43.5,39.5,49.9,30.0,50.4,38.5,8,12,1306,30.6,44.7,40.2,12.67,4,Sedang,Beginner,1,Beginner
202300092,49.1,48.9,63.9,72.2,69.4,53.4,59.5,12,8,774,49.0,68.0,61.4,10.36,2,Sulit,Intermediate,0,Intermediate
202300093,78.9,53.4,47.7,73.6,56.0,56.7,61.0,12,8,946,66.2,60.6,56.4,12.31,2,Sedang,Intermediate,0,Intermediate
202300094,61.4,49.9,60.0,65.5,60.2,56.5,58.9,12,8,640,55.6,62.8,58.4,5.28,2,Sedang,Intermediate,0,Intermediate
202300095,44.0,64.0,64.0,58.5,56.0,37.5,54.0,11,9,715,54.0,61.2,46.8,10.92,3,Sulit,Intermediate,0,Intermediate
202300096,70.9,65.6,79.3,51.5,74.3,60.6,67.0,13,7,844,68.2,65.4,67.4,10.03,3,Sedang,Intermediate,0,Intermediate
202300097,66.0,50.2,81.0,47.3,67.5,55.4,61.2,12,8,1162,58.1,64.2,61.4,12.67,1,Sedang,Intermediate,0,Intermediate
202300098,59.5,74.5,67.8,85.9,53.2,81.7,70.4,14,6,826,67.0,76.8,67.4,12.7,1,Sedang,Intermediate,0,Intermediate
202300099,63.9,33.5,50.0,35.4,45.8,50.1,46.5,9,11,1298,48.7,42.7,48.0,11.14,1,Sulit,Beginner,1,Beginner
202300100,41.4,47.1,37.2,25.4,49.0,36.6,39.4,8,12,1053,44.2,31.3,42.8,8.53,2,Mudah,Beginner,1,Beginner
202300101,27.2,35.2,29.4,25.3,52.3,7.4,29.5,6,14,976,31.2,27.4,29.8,14.59,3,Mudah,Beginner,1,Beginner
202300102,57.6,58.7,57.4,64.2,48.9,83.3,61.7,12,8,635,58.2,60.8,66.1,11.67,2,Sedang,Intermediate,0,Intermediate
202300103,33.6,3.4,39.6,49.4,36.9,32.7,32.6,7,13,1083,18.5,44.5,34.8,15.51,1,Sedang,Beginner,1,Beginner
202300104,67.7,73.2,62.4,58.7,43.0,62.1,61.2,12,8,695,70.4,60.6,52.6,10.26,2,Sedang,Intermediate,0,Intermediate
202300105,84.6,64.1,71.5,97.3,84.1,76.4,79.7,16,4,504,74.4,84.4,80.2,11.62,2,Sulit,Advanced,0,Intermediate
202300106,26.9,61.7,37.1,43.2,49.5,37.3,42.6,9,11,1356,44.3,40.2,43.4,11.98,1,Sulit,Beginner,1,Beginner
202300107,63.6,54.8,63.1,61.4,77.2,67.2,64.6,13,7,610,59.2,62.2,72.2,7.42,2,Mudah,Intermediate,0,Intermediate
202300108,56.6,74.8,58.8,50.7,70.3,60.0,61.9,12,8,935,65.7,54.8,65.2,8.99,1,Sedang,Intermediate,0,Intermediate
202300109,55.9,26.8,22.9,48.3,59.3,46.6,43.3,9,11,1128,41.4,35.6,53.0,15.09,3,Mudah,Beginner,1,Beginner
202300110,58.8,26.1,33.0,34.0,30.0,42.3,37.4,7,13,1204,42.4,33.5,36.2,11.79,3,Mudah,Beginner,1,Beginner
202300111,21.7,54.9,12.9,44.9,41.2,27.9,33.9,7,13,1238,38.3,28.9,34.6,15.76,2,Mudah,Beginner,1,Beginner
202300112,44.1,37.1,55.2,27.1,33.0,42.9,39.9,8,12,1088,40.6,41.2,38.0,9.8,3,Sulit,Beginner,1,Beginner
202300113,85.9,70.6,78.3,83.9,69.2,98.7,81.1,16,4,562,78.2,81.1,84.0,10.96,2,Sulit,Advanced,0,Intermediate
202300114,76.5,86.9,81.9,84.9,86.6,88.8,84.3,17,3,772,81.7,83.4,87.7,4.46,1,Mudah,Advanced,0,Intermediate
202300115,75.5,93.0,71.7,72.8,59.2,33.9,67.7,14,6,1123,84.2,72.2,46.6,19.79,1,Mudah,Intermediate,0,Intermediate
202300116,88.6,79.2,79.9,76.1,68.9,79.9,78.8,16,4,512,83.9,78.0,74.4,6.39,2,Sulit,Advanced,0,Intermediate
202300117,87.0,88.9,95.5,95.2,82.2,83.9,88.8,18,2,467,88.0,95.4,83.1,5.6,1,Sulit,Advanced,0,Intermediate
202300118,38.8,24.2,49.4,34.7,53.0,18.6,36.4,7,13,1439,31.5,42.0,35.8,13.56,2,Mudah,Beginner,1,Beginner
202300119,100.0,82.9,93.3,73.4,84.0,81.6,85.9,17,3,588,91.4,83.4,82.8,9.39,2,Sulit,Advanced,0,Intermediate
202300120,64.9,82.2,55.4,62.0,76.4,69.6,68.4,14,6,931,73.6,58.7,73.0,9.78,2,Sulit,Intermediate,0,Intermediate
202300121,77.2,89.7,94.9,84.2,74.5,91.3,85.3,17,3,593,83.4,89.6,82.9,8.14,1,Sedang,Advanced,0,Intermediate
202300122,90.9,89.3,77.4,70.9,91.5,81.5,83.6,17,3,480,90.1,74.2,86.5,8.39,1,Sulit,Advanced,0,Intermediate
202300123,44.8,32.0,44.1,34.6,24.9,42.9,37.2,7,13,1254,38.4,39.4,33.9,8.04,2,Mudah,Beginner,1,Beginner
202300124,32.9,45.1,42.1,44.3,48.3,41.7,42.4,8,12,1215,39.0,43.2,45.0,5.23,1,Sedang,Beginner,1,Beginner
202300125,16.4,32.3,57.2,42.8,5.5,41.2,32.6,7,13,1022,24.3,50.0,23.4,18.87,1,Mudah,Beginner,1,Beginner
202300126,66.8,61.5,72.4,64.0,52.4,62.3,63.2,13,7,871,64.2,68.2,57.4,6.61,2,Mudah,Intermediate,0,Intermediate
202300127,67.5,85.8,80.6,85.6,53.1,82.9,75.9,15,5,803,76.6,83.1,68.0,13.07,1,Sulit,Advanced,0,Intermediate
202300128,93.0,93.0,90.5,79.2,88.0,83.0,87.8,18,2,703,93.0,84.8,85.5,5.63,1,Sedang,Advanced,0,Intermediate
202300129,21.7,42.1,27.2,32.7,50.8,37.4,35.3,7,13,958,31.9,30.0,44.1,10.47,2,Sedang,Beginner,1,Beginner
202300130,58.0,61.0,48.7,46.8,81.3,48.4,57.4,11,9,929,59.5,47.8,64.8,13.07,4,Sedang,Intermediate,0,Intermediate
202300131,48.0,70.9,46.1,65.4,54.7,74.6,60.0,12,8,1022,59.4,55.8,64.6,12.05,1,Mudah,Intermediate,0,Intermediate
202300132,43.8,69.8,47.1,37.6,27.6,54.6,46.8,9,11,1376,56.8,42.4,41.1,14.51,1,Mudah,Beginner,1,Beginner
202300133,58.5,44.2,48.7,45.5,43.0,37.9,46.3,9,11,1277,51.4,47.1,40.4,6.94,1,Mudah,Beginner,1,Beginner
202300134,25.6,35.4,50.9,32.0,44.5,48.6,39.5,8,12,992,30.5,41.4,46.6,10.04,2,Sedang,Beginner,1,Beginner
202300135,96.3,82.6,85.7,86.3,100.0,73.0,87.3,17,3,761,89.4,86.0,86.5,9.72,1,Sedang,Advanced,0,Intermediate
202300136,37.8,52.0,41.4,17.2,27.0,42.6,36.3,7,13,1306,44.9,29.3,34.8,12.38,2,Sedang,Beginner,1,Beginner
202300137,61.5,68.4,68.4,84.9,55.2,62.2,66.8,13,7,615,65.0,76.6,58.7,10.16,1,Sedang,Intermediate,0,Intermediate
202300138,53.7,67.4,47.2,52.9,66.6,52.5,56.7,11,9,847,60.6,50.0,59.6,8.29,1,Sedang,Intermediate,0,Intermediate
202300139,32.4,21.3,31.5,43.0,30.5,23.3,30.3,6,14,1100,26.8,37.2,26.9,7.71,2,Mudah,Beginner,1,Beginner
202300140,80.2,89.3,75.7,80.2,85.5,70.5,80.2,16,4,741,84.8,78.0,78.0,6.71,1,Sulit,Advanced,0,Intermediate
202300141,92.3,74.5,78.6,90.8,91.4,91.5,86.5,17,3,524,83.4,84.7,91.4,7.84,1,Sedang,Advanced,0,Intermediate
202300142,35.7,47.7,47.0,40.7,34.1,42.7,41.3,8,12,1255,41.7,43.8,38.4,5.64,1,Mudah,Beginner,1,Beginner
202300143,47.5,57.1,64.3,75.9,48.9,74.9,61.4,12,8,1148,52.3,70.1,61.9,12.4,1,Mudah,Intermediate,0,Intermediate
202300144,32.6,26.8,33.9,40.5,29.9,63.0,37.8,8,12,1379,29.7,37.2,46.4,13.18,1,Mudah,Beginner,1,Beginner
202300145,23.2,42.9,13.3,38.4,32.5,31.6,30.3,6,14,1453,33.0,25.8,32.0,10.68,2,Mudah,Beginner,1,Beginner
202300146,50.0,59.3,24.1,36.9,52.5,52.3,45.8,9,11,1487,54.6,30.5,52.4,12.94,1,Sedang,Beginner,1,Beginner
202300147,79.4,62.7,59.8,67.1,68.8,58.8,66.1,13,7,606,71.1,63.4,63.8,7.61,1,Mudah,Intermediate,0,Intermediate
202300148,54.3,63.8,62.4,52.5,55.1,53.8,57.0,11,9,974,59.0,57.4,54.4,4.83,1,Sedang,Intermediate,0,Intermediate
202300149,40.3,36.7,43.7,51.2,38.4,33.4,40.6,8,12,1148,38.5,47.4,35.9,6.23,4,Sedang,Beginner,1,Beginner
202300150,39.0,44.0,42.8,32.5,39.5,20.2,36.3,7,13,1416,41.5,37.6,29.8,8.86,3,Mudah,Beginner,1,Beginner
202300151,79.2,82.1,74.6,97.3,72.4,85.8,81.9,16,4,541,80.6,85.9,79.1,8.98,1,Sedang,Advanced,0,Intermediate
202300152,46.0,36.8,47.9,42.9,26.0,30.0,38.3,8,12,1489,41.4,45.4,28.0,8.89,2,Mudah,Beginner,1,Beginner
202300153,47.8,36.2,30.5,49.1,40.0,20.9,37.4,7,13,1268,42.0,39.8,30.4,10.71,1,Sedang,Beginner,1,Beginner
202300154,62.8,52.9,60.5,78.7,72.0,53.2,63.4,13,7,1076,57.8,69.6,62.6,10.31,2,Mudah,Intermediate,0,Intermediate
202300155,83.8,97.2,94.7,85.2,80.7,95.2,89.5,18,2,461,90.5,90.0,88.0,7.03,1,Sedang,Advanced,0,Intermediate
202300156,27.1,26.2,30.3,38.5,53.3,28.5,34.0,7,13,1010,26.6,34.4,40.9,10.44,3,Mudah,Beginner,1,Beginner
202300157,64.8,66.4,78.4,64.4,57.9,67.6,66.6,13,7,1055,65.6,71.4,62.8,6.69,2,Sedang,Intermediate,0,Intermediate
202300158,69.9,68.6,74.8,81.9,42.6,59.7,66.3,13,7,613,69.2,78.4,51.2,13.7,3,Sedang,Intermediate,0,Intermediate
202300159,20.4,52.3,58.3,25.0,47.1,32.3,39.2,8,12,1390,36.3,41.6,39.7,15.5,1,Sedang,Beginner,1,Beginner
202300160,60.3,61.6,73.7,64.4,63.6,39.4,60.5,12,8,608,61.0,69.1,51.5,11.36,3,Mudah,Intermediate,0,Intermediate
202300161,49.1,60.4,39.0,48.9,40.2,45.9,47.2,9,11,1294,54.8,44.0,43.0,7.73,3,Mudah,Beginner,1,Beginner
202300162,68.6,51.6,75.9,64.5,66.4,77.1,67.4,13,7,819,60.1,70.2,71.8,9.24,1,Mudah,Intermediate,0,Intermediate
202300163,62.1,66.3,73.2,41.7,64.9,52.1,60.1,12,8,967,64.2,57.4,58.5,11.31,1,Mudah,Intermediate,0,Intermediate
202300164,63.3,59.6,50.5,42.1,67.6,70.3,58.9,12,8,1018,61.4,46.3,68.9,10.75,1,Mudah,Intermediate,0,Intermediate
202300165,48.8,34.4,18.8,41.5,38.0,35.7,36.2,7,13,1105,41.6,30.2,36.8,9.96,1,Mudah,Beginner,1,Beginner
202300166,84.6,86.0,92.3,100.0,100.0,83.4,91.0,18,2,472,85.3,96.2,91.7,7.58,1,Sulit,Advanced,0,Intermediate
202300167,35.6,37.2,36.3,36.0,42.7,21.7,34.9,7,13,942,36.4,36.2,32.2,6.99,2,Sedang,Beginner,1,Beginner
202300168,22.4,38.0,42.7,60.0,48.2,53.1,44.1,9,11,1253,30.2,51.4,50.7,13.12,2,Mudah,Beginner,1,Beginner
202300169,38.7,47.8,47.5,11.9,35.1,28.1,34.8,7,13,1212,43.2,29.7,31.6,13.53,4,Sedang,Beginner,1,Beginner
202300170,61.0,68.2,71.8,64.7,29.9,47.6,57.2,11,9,1045,64.6,68.2,38.8,15.76,1,Sedang,Intermediate,0,Intermediate
202300171,65.6,67.4,80.5,75.2,58.2,48.7,65.9,13,7,906,66.5,77.8,53.4,11.46,4,Mudah,Intermediate,0,Intermediate
202300172,27.5,58.2,29.4,8.8,46.2,38.2,34.7,7,13,1153,42.8,19.1,42.2,17.01,1,Mudah,Beginner,1,Beginner
202300173,53.2,57.4,85.0,58.0,55.6,61.7,61.8,12,8,839,55.3,71.5,58.6,11.7,2,Mudah,Intermediate,0,Intermediate
202300174,23.0,34.9,32.0,29.4,37.5,41.2,33.0,7,13,916,29.0,30.7,39.4,6.4,2,Mudah,Beginner,1,Beginner
202300175,71.9,49.8,66.6,64.7,73.0,56.3,63.7,13,7,801,60.8,65.6,64.6,9.07,1,Sedang,Intermediate,0,Intermediate
202300176,49.1,22.1,39.7,34.1,34.4,55.0,39.1,8,12,1486,35.6,36.9,44.7,11.74,3,Sulit,Beginner,1,Beginner
202300177,80.5,83.9,78.3,46.7,62.2,59.8,68.6,14,6,1124,82.2,62.5,61.0,14.61,1,Sedang,Intermediate,0,Intermediate
202300178,16.0,35.8,44.7,39.6,45.6,29.8,35.2,7,13,1098,25.9,42.2,37.7,11.1,3,Mudah,Beginner,1,Beginner
202300179,80.1,91.5,87.1,85.8,85.9,72.8,83.9,17,3,702,85.8,86.4,79.4,6.53,1,Sulit,Advanced,0,Intermediate
202300180,33.3,35.7,22.4,31.2,43.2,32.8,33.1,7,13,1408,34.5,26.8,38.0,6.74,2,Sedang,Beginner,1,Beginner
202300181,31.4,47.9,27.7,28.9,27.8,38.1,33.6,7,13,1165,39.6,28.3,33.0,8.0,2,Sedang,Beginner,1,Beginner
202300182,20.9,49.0,37.9,30.4,34.6,28.1,33.5,7,13,911,35.0,34.2,31.4,9.57,3,Sedang,Beginner,1,Beginner
202300183,68.9,74.2,100.0,82.4,86.7,74.1,81.0,16,4,456,71.6,91.2,80.4,11.28,1,Sedang,Advanced,0,Intermediate
202300184,85.5,66.9,79.6,86.1,79.0,80.5,79.6,16,4,665,76.2,82.8,79.8,6.92,2,Sedang,Advanced,0,Intermediate
202300185,59.6,54.3,33.1,14.8,38.3,26.6,37.8,8,12,1482,57.0,24.0,32.4,16.88,3,Mudah,Beginner,1,Beginner
202300186,66.3,70.8,55.4,82.9,67.3,61.5,67.4,13,7,1016,68.6,69.2,64.4,9.29,1,Sedang,Intermediate,0,Intermediate
202300187,83.6,100.0,81.7,84.2,84.7,86.4,86.8,17,3,454,91.8,83.0,85.6,6.66,1,Sulit,Advanced,0,Intermediate
202300188,60.3,77.6,57.1,63.5,62.3,67.3,64.7,13,7,714,68.9,60.3,64.8,7.18,2,Sedang,Intermediate,0,Intermediate
202300189,73.8,46.4,60.2,66.2,69.2,43.0,59.8,12,8,1063,60.1,63.2,56.1,12.55,1,Sulit,Intermediate,0,Intermediate
202300190,36.7,28.3,47.5,39.3,35.5,35.3,37.1,7,13,1405,32.5,43.4,35.4,6.27,2,Sulit,Beginner,1,Beginner
202300191,55.5,47.1,42.4,46.2,29.6,40.3,43.5,9,11,1271,51.3,44.3,35.0,8.59,1,Sedang,Beginner,1,Beginner
202300192,92.6,87.5,79.0,82.5,93.7,72.7,84.7,17,3,729,90.0,80.8,83.2,8.16,1,Sulit,Advanced,0,Intermediate
202300193,82.6,95.1,76.7,84.5,76.3,91.3,84.4,17,3,434,88.8,80.6,83.8,7.62,1,Sulit,Advanced,0,Intermediate
202300194,74.9,60.8,45.6,50.5,65.4,57.1,59.0,12,8,1097,67.8,48.0,61.2,10.51,2,Mudah,Intermediate,0,Intermediate
202300195,25.4,21.1,32.7,33.9,34.2,26.5,29.0,6,14,1373,23.2,33.3,30.4,5.41,3,Mudah,Beginner,1,Beginner
202300196,31.9,34.6,34.3,16.6,49.9,36.7,34.0,7,13,1055,33.2,25.4,43.3,10.66,1,Mudah,Beginner,1,Beginner
202300197,67.8,52.9,66.5,50.8,24.8,69.1,55.3,11,9,1025,60.4,58.6,46.9,16.9,2,Sulit,Intermediate,0,Intermediate
202300198,74.5,75.4,82.8,80.0,86.4,72.0,78.5,16,4,523,75.0,81.4,79.2,5.5,4,Sulit,Advanced,0,Intermediate
202300199,89.2,80.8,69.7,69.6,67.7,100.0,79.5,16,4,439,85.0,69.6,83.8,13.03,2,Sulit,Advanced,0,Intermediate
202300200,75.6,47.8,56.0,58.8,72.7,67.2,63.0,13,7,721,61.7,57.4,70.0,10.66,3,Mudah,Intermediate,0,Intermediate
202300201,70.8,52.9,45.2,54.7,59.1,80.9,60.6,12,8,707,61.8,50.0,70.0,13.04,1,Mudah,Intermediate,0,Intermediate
202300202,21.0,53.0,37.5,51.9,25.8,30.2,36.6,7,13,1103,37.0,44.7,28.0,13.45,3,Sedang,Beginner,1,Beginner
202300203,42.2,29.8,35.4,36.8,32.7,4.8,30.3,6,14,1151,36.0,36.1,18.8,13.16,1,Mudah,Beginner,1,Beginner
202300204,75.4,86.9,74.4,82.6,84.3,85.5,81.5,16,4,664,81.2,78.5,84.9,5.33,1,Sedang,Advanced,0,Intermediate
202300205,67.1,55.5,53.4,58.8,48.6,59.5,57.2,11,9,886,61.3,56.1,54.0,6.28,1,Mudah,Intermediate,0,Intermediate
202300206,44.6,28.4,23.0,39.3,20.9,50.9,34.5,7,13,1062,36.5,31.2,35.9,12.23,2,Mudah,Beginner,1,Beginner
202300207,38.4,43.6,39.2,22.9,35.1,34.1,35.6,7,13,918,41.0,31.0,34.6,7.05,3,Sedang,Beginner,1,Beginner
202300208,61.5,70.9,89.8,39.1,64.0,61.1,64.4,13,7,963,66.2,64.4,62.6,16.41,1,Sedang,Intermediate,0,Intermediate
202300209,33.9,19.3,29.7,33.5,23.9,54.1,32.4,6,14,1137,26.6,31.6,39.0,12.05,3,Mudah,Beginner,1,Beginner
202300210,32.7,13.1,19.8,38.7,20.7,45.3,28.4,6,14,1079,22.9,29.2,33.0,12.47,3,Mudah,Beginner,1,Beginner
202300211,58.3,68.4,53.3,42.5,64.8,46.9,55.7,11,9,1120,63.4,47.9,55.8,10.08,2,Sulit,Intermediate,0,Intermediate
202300212,59.3,63.0,61.1,73.4,64.9,73.2,65.8,13,7,1048,61.2,67.2,69.1,6.09,1,Sedang,Intermediate,0,Intermediate
202300213,56.7,61.1,55.1,61.2,46.6,81.9,60.4,12,8,1115,58.9,58.2,64.2,11.79,2,Sedang,Intermediate,0,Intermediate
202300214,47.2,55.0,43.5,34.7,33.3,30.7,40.7,8,12,1197,51.1,39.1,32.0,9.44,2,Sedang,Beginner,1,Beginner
202300215,52.3,51.7,79.3,37.7,61.1,56.7,56.5,11,9,679,52.0,58.5,58.9,13.68,1,Mudah,Intermediate,0,Intermediate
202300216,48.2,20.0,44.1,34.8,35.9,35.7,36.5,7,13,1318,34.1,39.4,35.8,9.7,4,Sedang,Beginner,1,Beginner
202300217,49.1,27.1,20.7,24.2,38.3,29.1,31.4,6,14,1024,38.1,22.4,33.7,10.5,1,Sedang,Beginner,1,Beginner
202300218,73.5,62.1,69.1,62.7,59.4,64.9,65.3,13,7,865,67.8,65.9,62.2,5.17,1,Sedang,Intermediate,0,Intermediate
202300219,69.9,54.4,47.7,63.6,57.6,68.4,60.3,12,8,639,62.2,55.6,63.0,8.6,3,Mudah,Intermediate,0,Intermediate
202300220,90.9,86.9,94.7,87.9,84.4,68.3,85.5,17,3,816,88.9,91.3,76.4,9.15,1,Sulit,Advanced,0,Intermediate
202300221,64.7,70.7,67.6,61.0,70.4,61.8,66.0,13,7,676,67.7,64.3,66.1,4.2,2,Sulit,Intermediate,0,Intermediate
202300222,57.1,61.7,63.1,72.7,56.1,76.4,64.5,13,7,1142,59.4,67.9,66.2,8.29,1,Mudah,Intermediate,0,Intermediate
202300223,22.1,43.9,20.2,31.7,30.5,35.6,30.7,6,14,1419,33.0,26.0,33.0,8.76,2,Mudah,Beginner,1,Beginner
202300224,25.3,45.6,43.1,29.0,47.1,40.7,38.5,8,12,1179,35.4,36.0,43.9,9.11,1,Sedang,Beginner,1,Beginner
202300225,40.2,38.6,33.8,29.2,29.4,34.7,34.3,7,13,1347,39.4,31.5,32.0,4.55,2,Sedang,Beginner,1,Beginner
202300226,35.8,33.4,63.8,48.0,28.1,42.9,42.0,8,12,1272,34.6,55.9,35.5,12.79,2,Sedang,Beginner,1,Beginner
202300227,86.4,81.4,93.0,76.0,85.2,72.7,82.4,16,4,805,83.9,84.5,79.0,7.38,2,Sedang,Advanced,0,Intermediate
202300228,44.5,18.5,24.3,27.8,34.7,27.8,29.6,6,14,1159,31.5,26.0,31.2,9.01,2,Sedang,Beginner,1,Beginner
202300229,80.1,80.9,82.2,78.3,85.4,60.7,77.9,16,4,797,80.5,80.2,73.1,8.77,3,Sedang,Advanced,0,Intermediate
202300230,67.8,52.5,52.1,78.3,73.1,60.2,64.0,13,7,877,60.2,65.2,66.6,10.86,1,Mudah,Intermediate,0,Intermediate
202300231,88.0,59.7,50.7,62.8,45.8,66.7,62.3,12,8,1165,73.8,56.8,56.2,14.79,2,Sedang,Intermediate,0,Intermediate
202300232,53.5,71.1,53.6,46.9,64.0,51.7,56.8,11,9,892,62.3,50.2,57.8,8.96,2,Sulit,Intermediate,0,Intermediate
202300233,53.3,76.5,67.6,64.3,74.4,58.5,65.8,13,7,878,64.9,65.9,66.4,8.98,3,Sedang,Intermediate,0,Intermediate
202300234,70.7,65.2,58.7,57.4,66.1,55.3,62.2,12,8,1071,68.0,58.0,60.7,5.99,1,Sedang,Intermediate,0,Intermediate
202300235,39.4,36.3,39.0,34.7,67.3,13.1,38.3,8,12,1393,37.8,36.8,40.2,17.29,2,Sedang,Beginner,1,Beginner
202300236,62.6,66.5,56.1,60.9,75.8,45.7,61.3,12,8,933,64.6,58.5,60.8,10.09,3,Sedang,Intermediate,0,Intermediate
202300237,41.6,42.0,45.8,32.4,37.2,30.2,38.2,8,12,1008,41.8,39.1,33.7,6.04,1,Sedang,Beginner,1,Beginner
202300238,23.9,45.4,40.2,27.8,27.4,56.5,36.9,7,13,1181,34.6,34.0,42.0,12.72,3,Sedang,Beginner,1,Beginner
202300239,87.7,48.5,63.3,59.8,45.1,42.4,57.8,12,8,1181,68.1,61.6,43.8,16.81,1,Mudah,Intermediate,0,Intermediate
202300240,31.1,27.9,37.0,28.9,20.8,29.2,29.2,6,14,1352,29.5,33.0,25.0,5.23,3,Sulit,Beginner,1,Beginner
202300241,86.8,96.0,72.6,96.2,83.7,74.8,85.0,17,3,809,91.4,84.4,79.2,10.09,3,Sulit,Advanced,0,Intermediate
202300242,100.0,74.7,94.3,90.7,80.1,77.0,86.1,17,3,436,87.4,92.5,78.6,10.3,2,Sulit,Advanced,0,Intermediate
202300243,76.5,76.0,83.0,77.2,100.0,81.3,82.3,16,4,645,76.2,80.1,90.6,9.1,1,Sulit,Advanced,0,Intermediate
202300244,23.8,44.3,21.7,17.7,34.1,30.7,28.7,6,14,1288,34.0,19.7,32.4,9.7,1,Sedang,Beginner,1,Beginner
202300245,55.8,58.5,28.7,46.2,24.8,34.6,41.4,8,12,1398,57.2,37.4,29.7,14.18,4,Mudah,Beginner,1,Beginner
202300246,82.0,78.7,73.6,89.5,79.3,77.6,80.1,16,4,444,80.4,81.6,78.4,5.35,1,Sedang,Advanced,0,Intermediate
202300247,73.8,45.5,61.6,52.4,68.3,61.1,60.5,12,8,1111,59.6,57.0,64.7,10.29,1,Sulit,Intermediate,0,Intermediate
202300248,91.9,99.1,57.0,85.7,97.6,80.7,85.3,17,3,683,95.5,71.4,89.2,15.54,2,Sedang,Advanced,0,Intermediate
202300249,87.9,72.7,83.2,67.5,82.1,75.9,78.2,16,4,515,80.3,75.4,79.0,7.54,1,Mudah,Advanced,0,Intermediate
202300250,99.3,84.8,65.8,86.4,82.8,87.3,84.4,17,3,572,92.0,76.1,85.0,10.8,1,Sulit,Advanced,0,Intermediate
202300251,37.3,38.2,49.3,25.4,50.2,26.0,37.7,8,12,1069,37.8,37.3,38.1,10.76,1,Sedang,Beginner,1,Beginner
202300252,52.0,35.5,39.9,47.2,45.5,23.2,40.6,8,12,1219,43.8,43.6,34.4,10.26,1,Mudah,Beginner,1,Beginner
202300253,90.7,85.8,68.8,90.5,70.4,86.9,82.2,16,4,445,88.2,79.6,78.6,9.95,1,Sulit,Advanced,0,Intermediate
202300254,55.0,34.7,44.0,14.9,33.9,15.8,33.1,7,13,995,44.8,29.4,24.8,15.7,2,Sedang,Beginner,1,Beginner
202300255,51.4,33.9,79.8,46.1,32.6,50.3,49.0,10,10,1388,42.6,63.0,41.4,17.1,2,Mudah,Beginner,1,Beginner
202300256,62.6,76.7,68.8,76.1,42.4,65.0,65.3,13,7,680,69.6,72.4,53.7,12.57,3,Sulit,Intermediate,0,Intermediate
202300257,83.3,83.7,83.6,87.8,90.6,90.8,86.6,17,3,532,83.5,85.7,90.7,3.56,2,Sedang,Advanced,0,Intermediate
202300258,59.9,62.1,57.5,57.9,49.9,36.4,54.0,11,9,872,61.0,57.7,43.2,9.53,2,Mudah,Intermediate,0,Intermediate
202300259,74.9,71.6,62.4,60.9,53.1,71.8,65.8,13,7,910,73.2,61.6,62.4,8.36,1,Mudah,Intermediate,0,Intermediate
202300260,39.4,41.9,37.9,42.9,50.5,29.7,40.4,8,12,1358,40.6,40.4,40.1,6.82,3,Mudah,Beginner,1,Beginner
202300261,62.7,42.9,48.6,54.6,48.0,32.1,48.2,10,10,868,52.8,51.6,40.0,10.38,1,Sedang,Intermediate,1,Beginner
202300262,100.0,78.0,89.5,80.8,78.6,85.0,85.3,17,3,799,89.0,85.2,81.8,8.39,1,Sulit,Advanced,0,Intermediate
202300263,38.7,69.0,38.9,33.1,48.7,39.7,44.7,9,11,1271,53.8,36.0,44.2,12.93,2,Sedang,Beginner,1,Beginner
202300264,79.0,70.2,65.9,58.6,67.7,72.3,69.0,14,6,668,74.6,62.2,70.0,6.81,1,Sedang,Intermediate,0,Intermediate
202300265,84.5,70.2,99.4,74.9,78.1,75.6,80.4,16,4,495,77.4,87.2,76.8,10.4,3,Sulit,Advanced,0,Intermediate
202300266,66.9,51.9,67.8,67.0,63.6,47.3,60.8,12,8,862,59.4,67.4,55.4,8.88,1,Mudah,Intermediate,0,Intermediate
202300267,61.7,56.4,75.4,66.2,81.7,54.2,65.9,13,7,838,59.0,70.8,68.0,10.81,2,Mudah,Intermediate,0,Intermediate
202300268,57.1,59.6,65.9,73.5,73.4,69.9,66.6,13,7,1046,58.4,69.7,71.6,6.99,1,Sulit,Intermediate,0,Intermediate
202300269,31.7,35.0,36.4,20.2,55.1,42.0,36.7,7,13,1248,33.4,28.3,48.6,11.55,4,Mudah,Beginner,1,Beginner
202300270,28.7,39.2,41.0,33.3,35.2,20.6,33.0,7,13,1133,34.0,37.2,27.9,7.48,1,Mudah,Beginner,1,Beginner
202300271,82.8,68.3,83.9,91.0,82.4,87.5,82.6,17,3,502,75.6,87.4,85.0,7.76,1,Sulit,Advanced,0,Intermediate
202300272,90.4,100.0,97.8,78.3,75.5,91.7,89.0,18,2,529,95.2,88.0,83.6,10.04,1,Sedang,Advanced,0,Intermediate
202300273,93.4,80.3,84.2,97.1,73.1,72.6,83.4,17,3,696,86.8,90.6,72.8,10.2,1,Sulit,Advanced,0,Intermediate
202300274,60.4,79.9,85.2,92.8,98.5,67.3,80.7,16,4,623,70.2,89.0,82.9,14.67,1,Sedang,Advanced,0,Intermediate
202300275,59.2,60.2,81.1,66.2,65.1,74.8,67.8,14,6,909,59.7,73.6,69.9,8.57,2,Mudah,Intermediate,0,Intermediate
202300276,64.0,67.9,56.7,54.9,74.3,52.3,61.7,12,8,702,66.0,55.8,63.3,8.51,1,Sedang,Intermediate,0,Intermediate
202300277,57.6,68.4,49.9,52.5,52.9,90.5,62.0,12,8,998,63.0,51.2,71.7,15.44,1,Sedang,Intermediate,0,Intermediate
202300278,64.3,59.6,62.3,76.2,62.9,63.1,64.7,13,7,1112,62.0,69.2,63.0,5.83,1,Sedang,Intermediate,0,Intermediate
202300279,64.3,59.9,63.3,35.1,55.1,46.6,54.0,11,9,755,62.1,49.2,50.8,11.32,3,Sedang,Intermediate,0,Intermediate
202300280,60.5,61.4,52.1,69.1,81.1,72.8,66.2,13,7,895,61.0,60.6,76.9,10.28,2,Sulit,Intermediate,0,Intermediate
202300281,70.5,84.7,62.5,88.7,70.0,88.2,77.4,15,5,888,77.6,75.6,79.1,11.15,2,Sulit,Advanced,0,Intermediate
202300282,40.2,43.1,20.8,23.8,40.4,14.7,30.5,6,14,1100,41.7,22.3,27.6,12.16,3,Mudah,Beginner,1,Beginner
202300283,40.3,41.8,51.8,32.2,51.7,38.9,42.8,9,11,1257,41.0,42.0,45.3,7.68,2,Mudah,Beginner,1,Beginner
202300284,46.2,26.9,55.5,54.6,51.6,42.5,46.2,9,11,954,36.6,55.0,47.0,10.7,1,Mudah,Beginner,1,Beginner
202300285,72.8,72.8,74.7,53.0,49.7,73.2,66.0,13,7,964,72.8,63.8,61.4,11.44,1,Sulit,Intermediate,0,Intermediate
202300286,44.3,58.7,40.3,35.1,47.6,43.4,44.9,9,11,954,51.5,37.7,45.5,7.97,3,Sulit,Beginner,1,Beginner
202300287,69.3,69.5,56.6,69.4,66.8,80.3,68.6,14,6,1176,69.4,63.0,73.6,7.56,4,Mudah,Intermediate,0,Intermediate
202300288,78.5,64.6,51.8,77.2,50.1,79.0,66.9,13,7,1029,71.6,64.5,64.6,13.44,2,Sedang,Intermediate,0,Intermediate
202300289,46.1,47.1,24.8,45.9,40.5,24.4,38.1,8,12,1373,46.6,35.4,32.4,10.73,1,Mudah,Beginner,1,Beginner
202300290,76.0,65.7,65.5,62.6,56.4,70.1,66.0,13,7,1022,70.8,64.0,63.2,6.65,1,Mudah,Intermediate,0,Intermediate
202300291,52.6,35.5,34.1,20.7,44.5,54.5,40.3,8,12,1254,44.0,27.4,49.5,12.78,2,Mudah,Beginner,1,Beginner
202300292,23.5,48.4,31.6,61.0,51.1,33.8,41.6,8,12,1170,36.0,46.3,42.4,14.15,2,Mudah,Beginner,1,Beginner
202300293,78.9,65.4,73.0,73.3,90.1,87.9,78.1,16,4,832,72.2,73.2,89.0,9.5,1,Sedang,Advanced,0,Intermediate
202300294,35.7,43.2,51.0,40.6,12.1,19.9,33.8,7,13,1474,39.4,45.8,16.0,14.82,4,Mudah,Beginner,1,Beginner
202300295,16.9,34.0,43.6,41.7,16.9,33.8,31.1,6,14,1199,25.4,42.7,25.3,11.73,2,Sedang,Beginner,1,Beginner
202300296,35.5,77.1,59.9,79.0,70.1,76.5,66.4,13,7,1159,56.3,69.4,73.3,16.65,3,Mudah,Intermediate,0,Intermediate
202300297,61.7,62.2,66.7,54.3,41.7,68.1,59.1,12,8,950,62.0,60.5,54.9,9.81,2,Sedang,Intermediate,0,Intermediate
202300298,46.2,19.3,52.0,61.2,40.9,49.2,44.8,9,11,1223,32.8,56.6,45.0,14.2,3,Mudah,Beginner,1,Beginner
202300299,56.7,67.5,68.5,66.5,62.0,75.9,66.2,13,7,873,62.1,67.5,69.0,6.47,2,Mudah,Intermediate,0,Intermediate
202300300,26.4,47.9,20.1,18.4,57.2,40.3,35.1,7,13,1026,37.2,19.2,48.8,15.87,2,Mudah,Beginner,1,Beginner
202300301,54.3,46.8,38.3,35.3,37.6,34.4,41.1,8,12,902,50.6,36.8,36.0,7.81,2,Mudah,Beginner,1,Beginner
202300302,61.2,63.1,80.5,63.9,86.9,60.2,69.3,14,6,745,62.2,72.2,73.6,11.41,2,Sedang,Intermediate,0,Intermediate
202300303,42.6,73.5,75.6,48.8,58.3,67.8,61.1,12,8,906,58.0,62.2,63.0,13.49,2,Mudah,Intermediate,0,Intermediate
202300304,53.9,75.0,60.2,59.6,67.1,62.2,63.0,13,7,828,64.4,59.9,64.6,7.26,4,Sedang,Intermediate,0,Intermediate
202300305,54.2,74.5,58.0,52.0,58.2,68.0,60.8,12,8,869,64.4,55.0,63.1,8.66,2,Mudah,Intermediate,0,Intermediate
202300306,96.5,76.7,75.6,70.4,100.0,80.2,83.2,17,3,891,86.6,73.0,90.1,12.1,2,Sulit,Advanced,0,Intermediate
202300307,64.9,53.7,62.1,73.8,57.6,52.6,60.8,12,8,810,59.3,68.0,55.1,7.94,3,Sulit,Intermediate,0,Intermediate
202300308,54.2,33.2,19.9,33.4,31.3,26.1,33.0,7,13,1171,43.7,26.6,28.7,11.59,1,Mudah,Beginner,1,Beginner
202300309,55.8,55.0,78.8,66.8,49.7,51.8,59.6,12,8,680,55.4,72.8,50.8,11.09,1,Sedang,Intermediate,0,Intermediate
202300310,45.4,30.7,27.4,37.1,28.9,45.3,35.8,7,13,929,38.0,32.2,37.1,8.1,2,Mudah,Beginner,1,Beginner
202300311,72.8,53.8,49.0,42.2,72.1,44.5,55.7,11,9,1065,63.3,45.6,58.3,13.55,2,Sedang,Intermediate,0,Intermediate
202300312,37.9,50.7,38.7,41.9,32.9,35.3,39.6,8,12,1242,44.3,40.3,34.1,6.25,3,Mudah,Beginner,1,Beginner
202300313,46.6,22.3,50.8,24.1,53.3,42.2,39.9,8,12,1356,34.4,37.4,47.8,13.48,2,Mudah,Beginner,1,Beginner
202300314,88.6,72.6,66.8,79.5,81.4,91.7,80.1,16,4,492,80.6,73.2,86.6,9.4,1,Sulit,Advanced,0,Intermediate
202300315,93.1,85.8,87.4,78.6,79.8,79.4,84.0,17,3,694,89.4,83.0,79.6,5.75,1,Sulit,Advanced,0,Intermediate
202300316,53.9,40.6,26.1,66.6,71.9,74.8,55.6,11,9,752,47.2,46.3,73.4,19.25,1,Sedang,Intermediate,0,Intermediate
202300317,64.6,52.8,65.3,58.5,66.8,70.9,63.2,13,7,737,58.7,61.9,68.8,6.46,2,Sedang,Intermediate,0,Intermediate
202300318,34.9,41.1,39.4,34.6,30.4,43.2,37.3,7,13,907,38.0,37.0,36.8,4.78,3,Mudah,Beginner,1,Beginner
202300319,59.3,31.7,47.5,36.6,21.1,47.7,40.6,8,12,978,45.5,42.0,34.4,13.59,1,Sulit,Beginner,1,Beginner
202300320,51.0,24.7,24.8,31.4,37.0,37.6,34.4,7,13,1086,37.8,28.1,37.3,9.88,2,Sedang,Beginner,1,Beginner
202300321,63.4,83.4,67.4,55.5,52.4,52.3,62.4,12,8,670,73.4,61.4,52.4,11.97,2,Mudah,Intermediate,0,Intermediate
202300322,54.8,58.1,59.8,78.0,68.6,46.3,60.9,12,8,1192,56.4,68.9,57.4,11.06,1,Sulit,Intermediate,0,Intermediate
202300323,44.0,56.3,43.0,52.1,68.4,49.6,52.2,10,10,785,50.2,47.6,59.0,9.36,1,Sedang,Intermediate,1,Beginner
202300324,46.5,45.4,30.4,3.9,47.0,31.6,34.1,7,13,978,46.0,17.2,39.3,16.61,4,Sedang,Beginner,1,Beginner
202300325,91.6,100.0,86.4,85.7,100.0,76.4,90.0,18,2,516,95.8,86.1,88.2,9.15,1,Sulit,Advanced,0,Intermediate
202300326,41.2,58.9,62.0,62.4,66.1,49.4,56.7,11,9,953,50.0,62.2,57.8,9.46,1,Mudah,Intermediate,0,Intermediate
202300327,73.6,44.2,55.1,55.0,74.0,74.3,62.7,13,7,638,58.9,55.0,74.2,12.96,1,Sedang,Intermediate,0,Intermediate
202300328,65.8,54.4,66.6,70.7,47.6,79.0,64.0,13,7,1117,60.1,68.6,63.3,11.32,2,Mudah,Intermediate,0,Intermediate
202300329,67.0,60.9,61.3,56.9,53.0,69.4,61.4,12,8,1177,64.0,59.1,61.2,6.11,2,Mudah,Intermediate,0,Intermediate
202300330,46.0,45.1,21.1,38.5,52.9,34.4,39.7,8,12,1048,45.6,29.8,43.6,11.12,2,Mudah,Beginner,1,Beginner
202300331,25.5,37.9,40.4,69.7,27.4,53.3,42.4,8,12,1170,31.7,55.0,40.3,16.73,1,Sedang,Beginner,1,Beginner
202300332,83.2,61.9,76.1,65.4,65.7,46.7,66.5,13,7,613,72.6,70.8,56.2,12.54,3,Mudah,Intermediate,0,Intermediate
202300333,38.8,33.5,24.0,36.1,45.2,55.1,38.8,8,12,1284,36.2,30.0,50.2,10.59,2,Mudah,Beginner,1,Beginner
202300334,43.1,31.7,28.7,42.2,37.0,44.7,37.9,8,12,1148,37.4,35.4,40.8,6.57,2,Sedang,Beginner,1,Beginner
202300335,28.5,23.1,38.1,35.0,20.7,54.7,33.4,7,13,1062,25.8,36.6,37.7,12.41,2,Mudah,Beginner,1,Beginner
202300336,49.6,44.4,37.3,49.8,41.7,48.6,45.2,9,11,1024,47.0,43.6,45.2,5.05,2,Mudah,Beginner,1,Beginner
202300337,83.1,85.7,74.2,86.2,79.3,100.0,84.8,17,3,734,84.4,80.2,89.6,8.71,2,Sedang,Advanced,0,Intermediate
202300338,37.4,64.9,60.3,68.5,70.9,69.5,61.9,12,8,850,51.2,64.4,70.2,12.6,3,Sedang,Intermediate,0,Intermediate
202300339,50.3,62.9,56.2,60.4,46.9,84.1,60.1,12,8,708,56.6,58.3,65.5,13.19,1,Sedang,Intermediate,0,Intermediate
202300340,25.0,33.5,33.6,26.7,39.7,36.2,32.4,6,14,1313,29.2,30.2,38.0,5.61,3,Mudah,Beginner,1,Beginner
202300341,67.1,48.5,71.0,65.9,78.2,68.8,66.6,13,7,939,57.8,68.4,73.5,9.87,2,Sulit,Intermediate,0,Intermediate
202300342,63.1,78.4,70.1,66.6,64.8,61.4,67.4,13,7,1115,70.8,68.4,63.1,6.17,3,Sedang,Intermediate,0,Intermediate
202300343,42.5,55.2,48.7,33.8,29.9,25.8,39.3,8,12,970,48.8,41.2,27.8,11.42,1,Mudah,Beginner,1,Beginner
202300344,49.6,64.4,79.3,52.9,49.5,67.5,60.5,12,8,1071,57.0,66.1,58.5,11.96,2,Sedang,Intermediate,0,Intermediate
202300345,38.0,31.8,52.5,36.9,40.0,38.8,39.7,8,12,1304,34.9,44.7,39.4,6.9,1,Mudah,Beginner,1,Beginner
202300346,49.9,77.1,71.4,40.1,72.6,46.7,59.6,12,8,669,63.5,55.8,59.6,15.84,3,Sedang,Intermediate,0,Intermediate
202300347,78.0,56.8,60.7,57.0,78.5,68.7,66.6,13,7,1017,67.4,58.8,73.6,9.99,1,Mudah,Intermediate,0,Intermediate
202300348,32.8,44.0,45.4,34.2,34.4,48.9,39.9,8,12,1165,38.4,39.8,41.6,6.95,2,Mudah,Beginner,1,Beginner
202300349,57.2,7.8,17.0,27.3,27.7,45.4,30.4,6,14,1467,32.5,22.2,36.6,18.17,2,Sedang,Beginner,1,Beginner
202300350,68.2,47.0,64.2,66.3,90.0,58.2,65.6,13,7,685,57.6,65.2,74.1,14.18,1,Mudah,Intermediate,0,Intermediate
202300351,69.5,58.0,73.9,67.1,67.0,45.0,63.4,13,7,986,63.8,70.5,56.0,10.41,2,Sedang,Intermediate,0,Intermediate
202300352,80.3,90.9,74.2,86.0,78.4,84.0,82.3,16,4,603,85.6,80.1,81.2,5.92,2,Sulit,Advanced,0,Intermediate
202300353,61.3,66.6,60.5,70.7,45.8,66.7,61.9,12,8,1174,64.0,65.6,56.2,8.76,2,Sedang,Intermediate,0,Intermediate
202300354,42.2,29.7,41.7,39.6,48.1,28.5,38.3,8,12,1098,36.0,40.7,38.3,7.67,3,Mudah,Beginner,1,Beginner
202300355,40.9,42.4,46.5,33.9,34.0,45.7,40.6,8,12,1477,41.6,40.2,39.8,5.52,1,Sedang,Beginner,1,Beginner
202300356,42.4,54.6,73.0,59.1,55.2,57.2,56.9,11,9,1141,48.5,66.0,56.2,9.82,2,Mudah,Intermediate,0,Intermediate
202300357,46.0,38.4,43.2,38.1,34.8,32.0,38.8,8,12,1062,42.2,40.7,33.4,5.18,2,Sedang,Beginner,1,Beginner
202300358,38.0,54.9,67.0,46.7,72.2,61.4,56.7,11,9,1082,46.4,56.8,66.8,12.82,1,Sedang,Intermediate,0,Intermediate
202300359,92.5,86.5,98.7,96.0,84.8,79.8,89.7,18,2,898,89.5,97.4,82.3,7.22,1,Sulit,Advanced,0,Intermediate
202300360,57.1,72.5,62.0,64.1,66.0,68.2,65.0,13,7,752,64.8,63.0,67.1,5.29,2,Sulit,Intermediate,0,Intermediate
202300361,30.5,39.9,37.3,50.1,33.3,41.1,38.7,8,12,1162,35.2,43.7,37.2,6.86,2,Sulit,Beginner,1,Beginner
202300362,78.0,66.4,45.6,63.3,57.4,57.4,61.4,12,8,912,72.2,54.4,57.4,10.82,2,Sulit,Intermediate,0,Intermediate
202300363,63.2,57.7,53.4,60.0,85.0,54.6,62.3,12,8,777,60.4,56.7,69.8,11.67,2,Sedang,Intermediate,0,Intermediate
202300364,71.3,52.2,48.4,54.5,47.8,55.7,55.0,11,9,609,61.8,51.4,51.8,8.6,1,Sedang,Intermediate,0,Intermediate
202300365,86.3,83.1,86.7,88.5,86.0,74.7,84.2,17,3,526,84.7,87.6,80.4,4.98,1,Sedang,Advanced,0,Intermediate
202300366,49.4,26.9,29.5,17.9,40.5,33.7,33.0,7,13,1069,38.2,23.7,37.1,10.98,2,Sedang,Beginner,1,Beginner
202300367,91.4,68.9,99.8,73.4,80.8,83.4,83.0,17,3,633,80.2,86.6,82.1,11.39,1,Sulit,Advanced,0,Intermediate
202300368,96.8,100.0,76.3,79.0,73.0,83.5,84.8,17,3,502,98.4,77.6,78.2,11.15,1,Sedang,Advanced,0,Intermediate
202300369,29.8,35.3,36.9,44.9,36.0,36.3,36.5,7,13,1424,32.6,40.9,36.2,4.84,2,Sulit,Beginner,1,Beginner
202300370,34.7,43.6,44.7,28.6,34.6,37.9,37.4,7,13,1323,39.2,36.7,36.2,6.08,2,Sedang,Beginner,1,Beginner
202300371,32.0,43.2,41.6,51.6,36.5,58.8,43.9,9,11,951,37.6,46.6,47.6,9.83,2,Sulit,Beginner,1,Beginner
202300372,41.0,48.8,34.2,50.9,39.7,19.4,39.0,8,12,1290,44.9,42.6,29.6,11.4,3,Sedang,Beginner,1,Beginner
202300373,43.8,40.4,37.2,36.8,48.6,34.0,40.1,8,12,1292,42.1,37.0,41.3,5.34,2,Mudah,Beginner,1,Beginner
202300374,74.6,71.3,68.3,80.1,68.5,71.7,72.4,14,6,1174,72.9,74.2,70.1,4.42,1,Mudah,Intermediate,0,Intermediate
202300375,46.4,30.5,42.6,33.6,30.6,22.5,34.4,7,13,902,38.4,38.1,26.6,8.75,3,Mudah,Beginner,1,Beginner
202300376,31.7,54.0,32.5,41.1,47.7,37.7,40.8,8,12,1049,42.8,36.8,42.7,8.75,2,Mudah,Beginner,1,Beginner
202300377,90.9,66.5,83.5,87.5,74.9,89.9,82.2,16,4,865,78.7,85.5,82.4,9.64,1,Sulit,Advanced,0,Intermediate
202300378,50.3,39.3,21.0,57.5,40.5,35.1,40.6,8,12,1459,44.8,39.2,37.8,12.62,2,Sedang,Beginner,1,Beginner
202300379,83.1,85.6,78.3,87.1,85.3,87.7,84.5,17,3,766,84.4,82.7,86.5,3.44,1,Sulit,Advanced,0,Intermediate
202300380,37.3,51.8,44.9,4.1,43.8,38.8,36.8,7,13,1359,44.6,24.5,41.3,16.81,3,Sedang,Beginner,1,Beginner
202300381,18.1,21.7,27.3,39.0,35.3,34.6,29.3,6,14,955,19.9,33.2,35.0,8.31,2,Mudah,Beginner,1,Beginner
202300382,61.5,45.1,52.5,61.9,69.0,57.2,57.9,12,8,908,53.3,57.2,63.1,8.31,3,Mudah,Intermediate,0,Intermediate
202300383,35.5,77.7,62.5,73.0,64.9,62.6,62.7,13,7,739,56.6,67.8,63.8,14.67,3,Mudah,Intermediate,0,Intermediate
202300384,70.5,84.7,65.8,78.2,81.9,73.0,75.7,15,5,507,77.6,72.0,77.4,7.18,1,Sedang,Advanced,0,Intermediate
202300385,80.3,49.5,40.5,64.8,57.5,70.1,60.5,12,8,1086,64.9,52.6,63.8,14.37,1,Sedang,Intermediate,0,Intermediate
202300386,95.3,78.9,77.6,82.3,100.0,75.8,85.0,17,3,485,87.1,79.9,87.9,10.15,1,Mudah,Advanced,0,Intermediate
202300387,39.7,50.0,47.8,35.6,25.8,22.8,37.0,7,13,1181,44.8,41.7,24.3,11.15,2,Mudah,Beginner,1,Beginner
202300388,48.4,34.9,39.5,42.9,18.6,47.4,38.6,8,12,1463,41.6,41.2,33.0,11.01,2,Mudah,Beginner,1,Beginner
202300389,38.6,75.9,52.8,42.3,61.7,40.4,52.0,10,10,711,57.2,47.6,51.0,14.66,1,Sedang,Intermediate,1,Beginner
202300390,100.0,83.8,65.0,86.4,93.8,86.6,85.9,17,3,889,91.9,75.7,90.2,11.86,1,Sedang,Advanced,0,Intermediate
202300391,93.9,70.1,82.2,79.8,79.4,87.6,82.2,16,4,897,82.0,81.0,83.5,8.08,1,Sedang,Advanced,0,Intermediate
202300392,73.5,65.5,57.4,59.8,46.9,65.6,61.4,12,8,933,69.5,58.6,56.2,9.05,4,Sedang,Intermediate,0,Intermediate
202300393,44.6,42.2,39.4,28.7,26.8,34.9,36.1,7,13,1002,43.4,34.0,30.8,7.25,1,Sulit,Beginner,1,Beginner
202300394,61.9,61.9,63.2,49.9,50.0,46.9,55.6,11,9,790,61.9,56.6,48.4,7.44,3,Mudah,Intermediate,0,Intermediate
202300395,31.4,54.7,25.5,42.0,58.8,37.1,41.6,8,12,1155,43.0,33.8,48.0,13.05,4,Mudah,Beginner,1,Beginner
202300396,73.8,76.3,72.2,85.1,63.5,73.7,74.1,15,5,568,75.0,78.6,68.6,6.96,1,Sulit,Advanced,0,Intermediate
202300397,70.3,93.2,91.5,89.7,82.5,97.1,87.4,17,3,555,81.8,90.6,89.8,9.66,2,Sulit,Advanced,0,Intermediate
202300398,76.8,57.5,72.1,58.3,58.6,63.8,64.5,13,7,1183,67.2,65.2,61.2,8.15,1,Sulit,Intermediate,0,Intermediate
202300399,50.9,74.8,53.2,51.9,64.7,72.9,61.4,12,8,692,62.8,52.6,68.8,10.87,2,Sedang,Intermediate,0,Intermediate
202300400,66.5,66.3,71.4,63.2,47.7,54.2,61.6,12,8,1040,66.4,67.3,51.0,8.86,1,Sedang,Intermediate,0,Intermediate
202300401,30.8,28.2,41.0,42.6,38.3,51.8,38.8,8,12,900,29.5,41.8,45.0,8.54,2,Mudah,Beginner,1,Beginner
202300402,79.0,85.0,100.0,80.5,90.5,91.8,87.8,18,2,706,82.0,90.2,91.2,7.88,1,Sulit,Advanced,0,Intermediate
202300403,49.2,58.6,67.1,66.6,58.4,56.7,59.4,12,8,1150,53.9,66.8,57.6,6.69,2,Mudah,Intermediate,0,Intermediate
202300404,82.2,83.6,90.1,72.4,81.6,86.3,82.7,17,3,558,82.9,81.2,83.9,5.93,1,Sedang,Advanced,0,Intermediate
202300405,34.4,32.3,11.5,21.1,24.5,22.9,24.4,5,15,1011,33.3,16.3,23.7,8.27,1,Mudah,Beginner,1,Beginner
202300406,86.8,85.3,73.4,77.5,85.8,72.5,80.2,16,4,733,86.0,75.4,79.2,6.54,1,Sulit,Advanced,0,Intermediate
202300407,52.8,39.7,40.5,28.7,43.0,32.9,39.6,8,12,1328,46.2,34.6,38.0,8.37,1,Mudah,Beginner,1,Beginner
202300408,34.3,45.1,43.2,28.3,31.2,24.3,34.4,7,13,1313,39.7,35.8,27.8,8.26,1,Sedang,Beginner,1,Beginner
202300409,87.4,77.5,93.1,71.3,89.1,100.0,86.4,17,3,573,82.4,82.2,94.6,10.44,1,Sulit,Advanced,0,Intermediate
202300410,38.7,37.9,26.5,32.3,58.2,48.0,40.3,8,12,1051,38.3,29.4,53.1,11.34,1,Mudah,Beginner,1,Beginner
202300411,27.9,49.0,42.4,11.9,38.7,37.3,34.5,7,13,1474,38.4,27.2,38.0,13.06,1,Mudah,Beginner,1,Beginner
202300412,88.2,81.4,90.7,70.8,78.3,78.1,81.2,16,4,863,84.8,80.8,78.2,7.29,2,Sulit,Advanced,0,Intermediate
202300413,71.9,81.0,80.7,78.0,76.0,88.8,79.4,16,4,640,76.4,79.4,82.4,5.7,1,Sulit,Advanced,0,Intermediate
202300414,67.4,61.9,85.6,47.4,65.1,46.6,62.3,12,8,1108,64.6,66.5,55.8,14.46,2,Sedang,Intermediate,0,Intermediate
202300415,73.0,62.3,83.5,67.8,68.8,41.1,66.1,13,7,871,67.6,75.6,55.0,14.14,1,Sedang,Intermediate,0,Intermediate
202300416,61.4,59.2,48.5,66.5,58.4,50.1,57.4,11,9,855,60.3,57.5,54.2,6.86,3,Sedang,Intermediate,0,Intermediate
202300417,55.3,46.0,41.5,21.6,23.4,50.4,39.7,8,12,994,50.6,31.6,36.9,14.1,2,Sulit,Beginner,1,Beginner
202300418,35.2,29.7,40.3,34.5,47.1,43.7,38.4,8,12,1156,32.4,37.4,45.4,6.46,2,Sedang,Beginner,1,Beginner
202300419,69.3,63.9,75.8,73.8,51.6,80.4,69.1,14,6,922,66.6,74.8,66.0,10.28,2,Mudah,Intermediate,0,Intermediate
202300420,59.8,72.0,53.5,60.3,65.9,61.3,62.1,12,8,614,65.9,56.9,63.6,6.25,1,Sedang,Intermediate,0,Intermediate
202300421,60.7,63.1,70.3,75.5,64.0,58.8,65.4,13,7,866,61.9,72.9,61.4,6.31,2,Sulit,Intermediate,0,Intermediate
202300422,88.9,62.7,65.5,63.5,74.6,59.8,69.2,14,6,1069,75.8,64.5,67.2,10.9,1,Mudah,Intermediate,0,Intermediate
202300423,21.5,42.5,15.7,43.7,52.1,35.8,35.2,7,13,1308,32.0,29.7,44.0,14.0,4,Sulit,Beginner,1,Beginner
202300424,87.4,61.1,75.8,64.0,54.2,36.2,63.1,13,7,981,74.2,69.9,45.2,17.66,1,Sulit,Intermediate,0,Intermediate
202300425,50.4,39.3,33.5,18.4,60.2,46.6,41.4,8,12,1446,44.8,26.0,53.4,14.54,2,Mudah,Beginner,1,Beginner
202300426,64.9,52.5,54.5,65.7,67.0,59.4,60.7,12,8,611,58.7,60.1,63.2,6.16,2,Sulit,Intermediate,0,Intermediate
202300427,81.1,66.8,72.3,68.5,71.3,61.8,70.3,14,6,934,73.9,70.4,66.6,6.47,1,Sedang,Intermediate,0,Intermediate
202300428,79.7,87.6,100.0,80.0,76.6,75.3,83.2,17,3,798,83.6,90.0,75.9,9.27,2,Sulit,Advanced,0,Intermediate
202300429,24.9,32.2,40.2,42.0,48.3,54.0,40.3,8,12,1225,28.6,41.1,51.2,10.56,2,Mudah,Beginner,1,Beginner
202300430,22.5,47.1,44.9,22.7,42.7,40.0,36.6,7,13,1094,34.8,33.8,41.4,11.13,3,Mudah,Beginner,1,Beginner
202300431,30.5,20.2,32.9,60.8,19.4,47.1,35.2,7,13,982,25.4,46.8,33.2,16.12,1,Sedang,Beginner,1,Beginner
202300432,47.6,70.3,44.6,63.9,70.3,63.6,60.0,12,8,1133,59.0,54.2,67.0,11.24,3,Sulit,Intermediate,0,Intermediate
202300433,72.0,76.5,68.0,69.5,51.8,55.6,65.6,13,7,882,74.2,68.8,53.7,9.71,2,Mudah,Intermediate,0,Intermediate
202300434,31.8,30.6,51.8,28.1,20.8,54.2,36.2,7,13,1427,31.2,40.0,37.5,13.57,1,Mudah,Beginner,1,Beginner
202300435,32.0,35.4,41.3,49.5,22.6,14.0,32.5,6,14,1252,33.7,45.4,18.3,12.77,1,Mudah,Beginner,1,Beginner
202300436,74.6,62.2,50.5,72.1,52.6,55.5,61.2,12,8,1005,68.4,61.3,54.0,10.2,1,Sedang,Intermediate,0,Intermediate
202300437,33.9,27.0,58.3,28.7,50.1,29.7,37.9,8,12,1383,30.4,43.5,39.9,13.05,4,Mudah,Beginner,1,Beginner
202300438,86.3,88.0,82.1,86.0,83.8,95.5,87.0,17,3,736,87.2,84.0,89.6,4.67,1,Sedang,Advanced,0,Intermediate
202300439,55.5,57.5,69.2,62.9,67.5,64.3,62.8,13,7,839,56.5,66.0,65.9,5.42,2,Sedang,Intermediate,0,Intermediate
202300440,24.7,53.3,60.7,42.6,35.8,36.4,42.2,8,12,1208,39.0,51.6,36.1,13.01,1,Mudah,Beginner,1,Beginner
202300441,28.4,32.3,29.8,19.5,38.0,48.1,32.7,7,13,1382,30.4,24.6,43.0,9.66,2,Mudah,Beginner,1,Beginner
202300442,88.0,79.9,88.7,83.9,81.4,91.3,85.5,17,3,599,84.0,86.3,86.4,4.49,1,Mudah,Advanced,0,Intermediate
202300443,49.5,34.9,28.2,32.1,70.3,43.6,43.1,9,11,1133,42.2,30.2,57.0,15.44,4,Mudah,Beginner,1,Beginner
202300444,29.4,35.0,49.6,20.4,39.0,26.7,33.4,7,13,957,32.2,35.0,32.8,10.26,2,Sulit,Beginner,1,Beginner
202300445,90.1,70.0,87.9,72.2,86.4,81.6,81.4,16,4,859,80.0,80.1,84.0,8.46,2,Mudah,Advanced,0,Intermediate
202300446,97.3,78.4,89.8,73.2,66.8,86.3,82.0,16,4,464,87.8,81.5,76.6,11.27,1,Sulit,Advanced,0,Intermediate
202300447,81.8,89.6,87.3,85.2,79.7,77.4,83.5,17,3,731,85.7,86.2,78.6,4.67,1,Sulit,Advanced,0,Intermediate
202300448,61.1,46.6,58.0,57.3,65.4,64.4,58.8,12,8,848,53.8,57.6,64.9,6.81,1,Sedang,Intermediate,0,Intermediate
202300449,51.1,34.2,36.0,53.5,49.1,52.8,46.1,9,11,1143,42.7,44.8,51.0,8.69,2,Sedang,Beginner,1,Beginner
202300450,20.8,40.3,45.2,36.1,50.3,28.9,36.9,7,13,1308,30.6,40.7,39.6,10.81,4,Sedang,Beginner,1,Beginner
202300451,57.9,63.4,58.2,61.6,69.5,63.8,62.4,12,8,640,60.6,59.9,66.6,4.29,3,Mudah,Intermediate,0,Intermediate
202300452,35.0,73.2,56.0,75.6,68.1,66.1,62.3,12,8,956,54.1,65.8,67.1,15.03,1,Sedang,Intermediate,0,Intermediate
202300453,88.9,80.5,44.2,60.2,74.4,75.5,70.6,14,6,1063,84.7,52.2,75.0,15.98,1,Sedang,Intermediate,0,Intermediate
202300454,88.8,77.8,91.8,74.1,69.1,88.6,81.7,16,4,818,83.3,82.9,78.8,9.29,1,Sulit,Advanced,0,Intermediate
202300455,37.4,39.1,21.2,28.8,42.9,38.8,34.7,7,13,1002,38.2,25.0,40.8,8.1,4,Sedang,Beginner,1,Beginner
202300456,63.7,78.1,60.9,58.0,70.0,46.0,62.8,13,7,1138,70.9,59.4,58.0,10.91,3,Mudah,Intermediate,0,Intermediate
202300457,42.6,26.2,43.6,25.2,44.3,30.4,35.4,7,13,1294,34.4,34.4,37.3,9.08,3,Sedang,Beginner,1,Beginner
202300458,68.6,57.3,54.3,46.2,57.8,46.5,55.1,11,9,1129,63.0,50.2,52.2,8.34,1,Sedang,Intermediate,0,Intermediate
202300459,29.6,38.6,28.8,40.2,47.8,54.1,39.8,8,12,1191,34.1,34.5,51.0,9.95,2,Mudah,Beginner,1,Beginner
202300460,31.7,79.1,54.1,15.5,47.5,38.0,44.3,9,11,1225,55.4,34.8,42.8,21.66,2,Mudah,Beginner,1,Beginner
202300461,38.0,39.2,44.3,42.2,28.8,42.5,39.2,8,12,1451,38.6,43.2,35.6,5.58,1,Sedang,Beginner,1,Beginner
202300462,72.2,73.5,70.8,56.4,48.4,61.9,63.9,13,7,1140,72.8,63.6,55.2,10.09,2,Sulit,Intermediate,0,Intermediate
202300463,70.1,78.3,60.6,44.8,73.0,73.2,66.7,13,7,869,74.2,52.7,73.1,12.21,1,Sedang,Intermediate,0,Intermediate
202300464,74.5,68.1,62.3,68.3,59.9,61.9,65.8,13,7,765,71.3,65.3,60.9,5.47,1,Sulit,Intermediate,0,Intermediate
202300465,73.9,89.3,84.1,88.0,77.9,93.5,84.4,17,3,609,81.6,86.0,85.7,7.38,2,Sedang,Advanced,0,Intermediate
202300466,29.6,36.0,27.9,43.6,28.2,44.3,34.9,7,13,1133,32.8,35.8,36.2,7.58,3,Mudah,Beginner,1,Beginner
202300467,33.1,24.2,66.8,35.4,42.4,41.7,40.6,8,12,1072,28.6,51.1,42.0,14.44,2,Mudah,Beginner,1,Beginner
202300468,87.0,90.7,77.7,82.1,75.7,89.1,83.7,17,3,549,88.8,79.9,82.4,6.19,1,Mudah,Advanced,0,Intermediate
202300469,42.5,57.0,32.8,33.3,45.5,49.1,43.4,9,11,1417,49.8,33.0,47.3,9.35,2,Mudah,Beginner,1,Beginner
202300470,69.5,87.7,91.8,86.4,83.9,70.7,81.7,16,4,454,78.6,89.1,77.3,9.32,2,Sedang,Advanced,0,Intermediate
202300471,31.9,28.7,32.1,44.0,37.6,41.6,36.0,7,13,1307,30.3,38.0,39.6,6.05,3,Sedang,Beginner,1,Beginner
202300472,81.2,92.4,83.4,88.7,73.1,90.7,84.9,17,3,503,86.8,86.1,81.9,7.2,2,Sulit,Advanced,0,Intermediate
202300473,57.8,35.8,27.1,29.9,32.8,31.0,35.7,7,13,1107,46.8,28.5,31.9,11.19,3,Mudah,Beginner,1,Beginner
202300474,92.4,72.9,95.0,88.2,92.6,78.8,86.6,17,3,450,82.6,91.6,85.7,8.85,1,Sedang,Advanced,0,Intermediate
202300475,59.4,72.2,55.6,57.9,53.2,62.3,60.1,12,8,762,65.8,56.8,57.8,6.7,1,Mudah,Intermediate,0,Intermediate
202300476,77.8,85.9,75.1,78.2,74.8,83.3,79.2,16,4,789,81.8,76.6,79.0,4.49,1,Sulit,Advanced,0,Intermediate
202300477,37.8,31.4,58.5,24.5,44.0,38.2,39.1,8,12,1431,34.6,41.5,41.1,11.62,2,Mudah,Beginner,1,Beginner
202300478,62.8,69.7,63.1,68.6,61.0,56.2,63.6,13,7,733,66.2,65.8,58.6,4.99,2,Mudah,Intermediate,0,Intermediate
202300479,93.5,81.8,86.5,99.9,70.6,81.1,85.6,17,3,643,87.6,93.2,75.8,10.27,1,Sulit,Advanced,0,Intermediate
202300480,51.9,62.2,73.5,59.0,77.1,62.9,64.4,13,7,882,57.0,66.2,70.0,9.34,1,Sulit,Intermediate,0,Intermediate
202300481,58.6,51.0,76.5,45.9,38.6,72.6,57.2,11,9,1124,54.8,61.2,55.6,14.99,1,Mudah,Intermediate,0,Intermediate
202300482,52.9,61.5,64.0,51.7,52.3,48.9,55.2,11,9,1058,57.2,57.8,50.6,6.05,4,Sedang,Intermediate,0,Intermediate
202300483,38.1,73.5,56.0,52.3,68.8,65.5,59.0,12,8,908,55.8,54.2,67.2,12.96,1,Sedang,Intermediate,0,Intermediate
202300484,72.3,51.8,64.9,44.0,74.5,62.6,61.7,12,8,1002,62.0,54.4,68.6,11.82,2,Sulit,Intermediate,0,Intermediate
202300485,33.2,70.7,57.4,71.2,68.3,49.3,58.4,12,8,1108,52.0,64.3,58.8,15.05,1,Sedang,Intermediate,0,Intermediate
202300486,83.0,82.2,68.5,81.9,68.5,82.9,77.8,16,4,425,82.6,75.2,75.7,7.24,1,Mudah,Advanced,0,Intermediate
202300487,32.4,33.2,30.5,47.8,26.2,13.1,30.5,6,14,1142,32.8,39.2,19.6,11.24,2,Sedang,Beginner,1,Beginner
202300488,43.7,19.3,15.4,31.3,38.9,53.7,33.7,7,13,1444,31.5,23.4,46.3,14.66,3,Mudah,Beginner,1,Beginner
202300489,76.8,83.2,64.5,92.8,76.8,85.2,79.9,16,4,775,80.0,78.6,81.0,9.61,1,Sedang,Advanced,0,Intermediate
202300490,87.9,90.6,93.1,94.7,71.6,100.0,89.6,18,2,681,89.2,93.9,85.8,9.74,2,Sedang,Advanced,0,Intermediate
202300491,52.5,42.2,61.1,59.7,65.8,37.8,53.2,11,9,918,47.4,60.4,51.8,11.15,1,Sedang,Intermediate,0,Intermediate
202300492,50.9,68.8,65.3,60.9,75.4,53.6,62.5,12,8,809,59.8,63.1,64.5,9.28,1,Sedang,Intermediate,0,Intermediate
202300493,54.3,31.7,25.7,23.8,20.5,34.8,31.8,6,14,1212,43.0,24.8,27.6,12.2,4,Mudah,Beginner,1,Beginner
202300494,15.0,43.8,63.3,33.9,31.8,56.3,40.7,8,12,1293,29.4,48.6,44.0,17.6,2,Mudah,Beginner,1,Beginner
202300495,67.3,82.1,43.3,73.4,71.6,72.1,68.3,14,6,851,74.7,58.4,71.8,13.17,2,Mudah,Intermediate,0,Intermediate
202300496,45.1,22.9,27.0,46.6,28.4,40.4,35.1,7,13,1328,34.0,36.8,34.4,10.19,3,Sedang,Beginner,1,Beginner
202300497,77.2,62.5,57.2,55.7,59.5,67.3,63.2,13,7,1117,69.8,56.4,63.4,7.99,1,Mudah,Intermediate,0,Intermediate
202300498,36.5,23.6,60.7,40.5,28.9,33.9,37.4,7,13,993,30.0,50.6,31.4,12.87,3,Mudah,Beginner,1,Beginner
202300499,89.5,84.4,91.3,81.1,90.2,79.5,86.0,17,3,637,87.0,86.2,84.8,5.04,1,Sulit,Advanced,0,Intermediate
202300500,88.8,77.9,84.6,77.1,87.4,94.1,85.0,17,3,616,83.4,80.8,90.8,6.57,1,Sulit,Advanced,0,Intermediate
