nim,limit_score,turunan_score,aplikasi_turunan_score,integral_tentu_score,teknik_integrasi_score,integral_lipat_score,total_score,jumlah_benar,jumlah_salah,waktu_detik,mudah_score,sedang_score,sulit_score,konsistensi_score,attempt_ke,level_quiz,label_referensi
202300001,98.2,82.5,93.3,67.7,67.1,73.4,80.4,15,5,1067,100.0,95.7,76.8,13.23,3,Sulit,Mahir
202300002,66.6,62.0,58.2,56.3,40.3,60.2,57.3,17,3,1241,67.5,47.7,49.1,9.03,4,Sedang,Menengah
202300003,100.0,98.2,63.5,87.2,63.0,78.5,81.7,14,6,1230,98.4,83.1,69.7,16.3,2,Sedang,Mahir
202300004,41.4,47.5,62.9,47.1,23.0,38.4,43.4,8,12,1203,55.5,45.2,28.3,13.08,1,Mudah,Menengah
202300005,49.5,52.9,59.0,41.5,43.2,26.4,45.4,7,13,1334,39.2,38.6,20.5,11.31,1,Sedang,Pemula
202300006,64.9,63.6,75.5,64.1,73.7,65.9,68.0,14,6,1159,100.0,86.2,54.8,5.24,2,Sulit,Mahir
202300007,65.9,54.1,67.5,59.5,61.8,49.7,59.8,12,8,1082,70.9,61.1,42.3,6.86,2,Sulit,Menengah
202300008,95.9,91.9,90.4,92.1,47.6,74.6,82.1,15,5,766,100.0,97.4,71.3,18.45,1,Sedang,Mahir
202300009,48.2,46.8,82.3,36.5,53.5,63.6,55.2,11,9,1255,55.9,51.4,43.4,15.98,2,Sedang,Pemula
202300010,63.4,39.1,44.6,29.5,52.1,37.8,44.4,5,15,1131,66.4,65.3,32.7,11.95,1,Sedang,Menengah
202300011,36.9,53.8,34.9,30.0,23.3,37.4,36.1,10,10,1101,50.9,26.8,12.2,10.18,1,Sedang,Pemula
202300012,99.7,100.0,70.1,100.0,77.3,61.7,84.8,17,3,1075,99.3,76.6,71.5,17.26,3,Sedang,Mahir
202300013,81.9,82.0,76.2,75.9,60.4,54.4,71.8,17,3,1292,73.7,77.9,68.2,11.62,1,Mudah,Menengah
202300014,94.5,57.6,81.3,59.5,45.2,58.7,66.1,11,9,777,92.1,66.4,67.2,18.14,2,Mudah,Mahir
202300015,83.6,84.8,86.1,13.9,79.1,33.8,63.6,12,8,1276,80.7,68.5,44.2,31.48,2,Sedang,Menengah
202300016,56.8,33.9,79.0,51.2,53.8,56.1,55.1,10,10,777,74.5,53.5,35.5,14.43,2,Mudah,Pemula
202300017,67.3,72.1,53.9,44.7,49.1,29.5,52.8,11,9,1117,63.2,60.6,45.6,15.53,1,Mudah,Menengah
202300018,52.9,20.1,32.5,44.3,9.4,18.8,29.7,6,14,1608,31.6,30.6,3.4,16.63,2,Sulit,Pemula
202300019,100.0,65.0,100.0,69.5,53.2,82.2,78.3,15,5,962,88.9,81.3,68.3,19.19,1,Sedang,Mahir
202300020,48.3,51.1,55.7,63.6,55.6,40.6,52.5,14,6,1155,67.3,63.4,47.8,7.8,2,Mudah,Menengah
202300021,61.1,80.1,52.3,81.8,82.1,51.9,68.2,14,6,1214,86.3,63.2,53.2,14.76,1,Mudah,Menengah
202300022,64.2,40.4,8.4,24.1,33.3,26.7,32.8,12,8,975,39.4,36.7,44.0,18.72,4,Sedang,Pemula
202300023,64.2,83.1,93.9,71.5,56.5,71.6,73.5,13,7,1066,85.4,77.4,59.2,13.35,3,Sedang,Mahir
202300024,74.2,89.0,94.1,81.3,86.9,90.4,86.0,17,3,996,100.0,85.4,76.7,7.16,1,Sedang,Mahir
202300025,82.0,99.3,100.0,87.8,71.9,85.6,87.8,18,2,1317,94.2,77.3,62.7,10.7,1,Sedang,Mahir
202300026,58.9,65.4,33.6,39.1,57.4,46.2,50.1,9,11,1008,68.3,48.3,37.8,12.44,1,Mudah,Pemula
202300027,61.9,45.4,88.8,68.9,62.2,44.3,61.9,14,6,1083,63.4,70.4,53.1,16.46,2,Sedang,Menengah
202300028,33.5,26.0,43.4,27.7,0.0,12.9,23.9,3,17,1138,39.9,32.4,13.3,15.38,2,Mudah,Pemula
202300029,31.4,23.1,53.0,29.3,38.2,28.5,33.9,5,15,1071,66.4,40.5,27.4,10.55,2,Sedang,Pemula
202300030,66.7,64.5,46.2,82.4,47.8,69.0,62.8,11,9,1274,82.2,55.6,49.3,13.72,3,Mudah,Menengah
202300031,60.3,69.4,89.2,55.0,40.9,68.6,63.9,12,8,1110,80.3,65.4,45.7,16.21,2,Mudah,Menengah
202300032,100.0,45.4,90.4,58.8,69.2,57.1,70.2,17,3,963,81.9,79.2,69.8,21.04,2,Mudah,Mahir
202300033,58.4,43.5,41.5,42.4,40.0,37.2,43.8,6,14,1154,58.4,49.6,23.8,7.46,1,Sulit,Pemula
202300034,40.5,35.8,41.3,34.5,0.0,22.2,29.0,7,13,1213,39.9,33.5,0.0,15.79,2,Mudah,Pemula
202300035,54.2,86.1,56.0,62.8,62.2,36.1,59.6,11,9,1037,85.5,71.1,64.8,16.21,2,Mudah,Menengah
202300036,35.0,8.8,25.3,24.1,33.7,18.5,24.2,6,14,1117,60.4,35.2,4.9,9.78,3,Mudah,Pemula
202300037,39.8,28.0,36.4,44.2,38.1,32.3,36.5,6,14,1199,60.0,50.9,25.2,5.7,1,Sedang,Pemula
202300038,30.5,80.5,33.5,64.2,49.3,33.6,48.6,11,9,1093,68.4,65.1,57.2,20.21,1,Sedang,Menengah
202300039,16.8,48.8,49.1,0.0,15.2,0.0,21.6,8,12,1192,29.8,42.0,10.8,22.33,1,Sulit,Pemula
202300040,53.1,57.4,88.8,91.8,75.0,41.2,67.9,13,7,1121,71.2,66.1,54.1,20.5,4,Sedang,Menengah
202300041,45.9,64.5,57.7,64.3,38.6,45.4,52.7,12,8,1151,87.8,55.2,43.9,10.93,2,Sedang,Menengah
202300042,72.8,92.8,93.1,83.2,93.3,72.2,84.6,15,5,931,87.8,84.6,56.5,10.1,1,Sedang,Mahir
202300043,93.6,34.2,66.3,44.7,60.6,58.3,59.6,13,7,1046,83.5,77.2,58.5,20.35,1,Mudah,Menengah
202300044,31.8,9.6,49.3,32.5,29.0,36.5,31.4,3,17,1623,54.8,47.9,21.7,12.87,2,Sulit,Pemula
202300045,100.0,90.0,77.7,65.4,49.5,78.3,76.8,16,4,1340,100.0,92.1,73.3,17.84,3,Sulit,Mahir
202300046,100.0,100.0,89.2,99.6,83.5,83.6,92.6,16,4,825,97.1,98.0,69.0,8.17,4,Mudah,Mahir
202300047,55.1,29.2,43.4,24.8,39.6,32.2,37.4,7,13,1139,47.2,40.0,17.7,11.02,3,Sedang,Pemula
202300048,33.2,46.8,39.0,53.7,16.4,18.8,34.6,10,10,1070,57.7,44.9,14.3,14.94,3,Mudah,Pemula
202300049,76.0,77.6,88.2,45.2,59.7,52.2,66.5,13,7,1310,70.0,50.1,51.0,16.67,1,Sedang,Menengah
202300050,56.9,71.2,39.7,24.8,34.8,15.1,40.4,8,12,1213,47.7,39.3,20.5,20.67,1,Sulit,Pemula
202300051,55.8,38.2,47.3,43.8,33.9,46.6,44.3,4,16,1241,66.0,45.7,48.7,7.64,2,Sulit,Pemula
202300052,41.6,31.3,45.3,51.4,35.2,17.3,37.0,8,12,1623,47.8,34.2,13.9,12.01,2,Mudah,Pemula
202300053,83.2,99.0,83.7,54.8,33.0,71.7,70.9,16,4,1072,97.7,71.3,52.3,23.67,1,Sedang,Mahir
202300054,75.3,55.4,87.9,45.0,72.9,69.6,67.7,13,7,1177,89.3,76.0,60.3,15.25,2,Sedang,Menengah
202300055,70.0,97.5,97.3,51.6,91.6,93.7,83.6,17,3,1113,99.2,77.6,64.0,18.74,1,Mudah,Menengah
202300056,66.0,64.6,67.7,58.4,91.4,58.8,67.8,14,6,920,88.5,87.5,72.0,12.16,1,Sedang,Mahir
202300057,60.6,57.5,56.8,42.9,43.8,36.3,49.6,10,10,1361,68.5,32.3,37.4,9.91,1,Sedang,Menengah
202300058,74.3,66.4,65.1,32.5,51.6,63.0,58.8,16,4,997,70.8,62.5,40.3,14.82,3,Sedang,Menengah
202300059,34.1,31.0,24.2,22.1,22.8,38.3,28.8,5,15,1486,54.4,46.4,9.0,6.71,2,Sulit,Pemula
202300060,46.1,29.6,36.3,6.5,27.1,44.8,31.7,12,8,1173,56.8,51.8,23.2,14.57,2,Mudah,Pemula
202300061,68.4,62.4,74.8,39.7,58.4,54.1,59.6,15,5,1085,70.6,61.4,53.1,12.2,3,Mudah,Menengah
202300062,87.9,78.2,69.2,80.7,53.7,82.7,75.4,16,4,926,94.9,78.3,55.0,12.29,3,Mudah,Menengah
202300063,87.8,67.1,51.9,70.8,73.5,52.2,67.2,14,6,955,88.7,67.3,59.8,13.68,1,Mudah,Menengah
202300064,73.7,64.2,34.0,53.4,78.5,59.4,60.5,13,7,1107,75.1,54.1,47.6,15.91,3,Sedang,Menengah
202300065,60.2,77.0,84.6,44.5,59.2,34.0,59.9,11,9,707,85.8,70.9,57.1,19.03,1,Sulit,Menengah
202300066,100.0,61.2,68.9,56.0,49.0,70.8,67.6,15,5,1010,99.9,75.3,57.6,17.79,2,Sedang,Menengah
202300067,55.6,74.2,51.9,46.0,35.3,20.8,47.3,9,11,1034,69.4,58.6,53.4,18.23,1,Sedang,Menengah
202300068,50.7,52.3,35.2,39.9,38.8,18.6,39.2,9,11,1400,59.9,34.0,28.5,12.21,1,Mudah,Pemula
202300069,35.7,74.0,19.7,43.8,32.3,41.0,41.1,7,13,1333,47.1,31.2,25.5,18.19,2,Mudah,Pemula
202300070,67.5,67.2,86.3,67.4,68.2,43.5,66.7,9,11,986,77.3,70.4,59.9,13.61,1,Sulit,Menengah
202300071,4.8,27.5,25.3,32.9,15.4,26.4,22.0,9,11,1259,45.3,28.0,4.6,10.19,2,Sedang,Pemula
202300072,65.8,81.4,78.6,57.9,64.0,59.3,67.8,16,4,1078,85.4,61.5,50.6,9.9,2,Mudah,Menengah
202300073,70.1,100.0,89.0,79.2,64.7,68.5,78.6,16,4,1251,88.1,77.1,68.2,13.67,2,Sulit,Mahir
202300074,68.3,54.0,70.2,44.8,41.5,34.5,52.2,12,8,1050,63.9,56.5,38.8,14.62,1,Sedang,Pemula
202300075,65.7,31.9,40.0,28.8,25.2,29.8,36.9,6,14,1152,53.4,44.2,29.7,14.95,1,Mudah,Pemula
202300076,45.8,57.2,65.2,83.9,25.9,40.7,53.1,11,9,1009,64.6,43.8,21.2,20.29,1,Sedang,Pemula
202300077,45.6,24.1,32.4,1.2,46.7,13.5,27.2,6,14,1069,51.4,23.3,13.6,18.0,3,Sedang,Pemula
202300078,65.5,61.9,70.7,56.8,61.4,56.9,62.2,13,7,1149,100.0,73.2,54.0,5.31,3,Mudah,Menengah
202300079,59.3,63.4,74.3,80.5,74.2,48.2,66.6,14,6,1142,81.4,55.3,43.3,11.94,1,Sulit,Menengah
202300080,93.9,92.4,66.9,47.3,63.7,92.3,76.1,16,4,1233,88.2,82.5,71.4,19.56,2,Sedang,Mahir
202300081,74.8,56.8,94.6,59.1,43.3,45.8,62.4,7,13,1282,70.3,75.4,47.0,19.36,2,Sedang,Menengah
202300082,100.0,46.0,66.0,63.5,66.6,78.2,70.0,11,9,1461,82.3,81.6,55.8,17.96,4,Sulit,Menengah
202300083,74.1,57.9,79.6,80.0,80.6,64.0,72.7,17,3,999,89.7,86.5,82.3,9.59,1,Sedang,Mahir
202300084,50.4,20.7,29.8,7.2,25.2,14.6,24.6,6,14,1289,45.0,33.1,15.3,14.91,2,Sedang,Pemula
202300085,41.7,26.8,50.7,43.8,34.8,41.1,39.8,8,12,1052,56.6,55.6,26.9,8.17,2,Mudah,Pemula
202300086,57.1,47.0,25.8,34.0,16.2,34.3,35.7,8,12,1409,44.9,17.3,17.8,14.62,1,Mudah,Pemula
202300087,66.3,49.3,69.4,63.9,60.9,44.7,59.1,11,9,1153,86.9,57.7,47.8,9.88,1,Sedang,Menengah
202300088,69.3,54.9,57.0,43.3,74.3,54.6,58.9,9,11,1229,72.1,68.4,64.5,11.2,1,Mudah,Menengah
202300089,33.3,21.0,5.1,28.6,25.3,24.3,22.9,2,18,1149,41.3,25.7,13.7,9.68,2,Sedang,Pemula
202300090,47.4,51.9,49.4,42.6,53.6,36.5,46.9,9,11,1236,71.1,62.0,34.4,6.37,2,Mudah,Menengah
202300091,61.4,65.7,30.8,43.4,50.8,38.4,48.4,15,5,1272,62.7,43.1,17.4,13.48,2,Mudah,Pemula
202300092,72.5,81.9,43.1,86.7,38.3,79.4,67.0,15,5,1163,81.5,60.8,51.8,20.92,1,Sedang,Menengah
202300093,62.5,46.6,48.5,50.5,24.5,44.4,46.2,7,13,1105,64.2,45.7,32.1,12.36,3,Mudah,Menengah
202300094,75.8,46.8,45.5,25.6,24.5,49.2,44.6,10,10,1417,65.8,41.8,19.9,18.79,1,Sedang,Pemula
202300095,63.9,40.3,43.3,38.9,21.2,40.7,41.4,10,10,1576,51.9,38.1,28.4,13.61,4,Sedang,Pemula
202300096,56.8,58.1,68.1,40.5,57.1,30.6,51.9,9,11,970,78.2,60.6,44.5,13.68,1,Mudah,Menengah
202300097,35.7,45.2,14.9,10.3,20.3,25.0,25.2,7,13,1430,50.2,25.4,15.2,13.13,3,Mudah,Pemula
202300098,38.4,43.4,30.1,30.7,50.8,23.6,36.2,9,11,764,68.9,52.5,33.4,9.96,3,Sedang,Pemula
202300099,39.6,41.6,66.2,28.4,0.0,29.3,34.2,5,15,1352,46.4,47.0,21.8,21.61,3,Mudah,Pemula
202300100,96.8,71.5,85.1,99.7,100.0,100.0,92.2,17,3,631,100.0,100.0,87.3,11.64,3,Sedang,Mahir
202300101,100.0,82.2,91.8,92.8,65.5,75.4,84.6,15,5,905,100.0,77.2,69.6,12.74,1,Sedang,Mahir
202300102,83.2,71.9,54.5,73.6,88.7,42.6,69.1,11,9,897,63.4,53.4,50.3,17.47,2,Sedang,Menengah
202300103,33.9,43.4,35.1,16.6,22.9,48.6,33.4,6,14,1232,55.8,38.8,17.8,12.06,2,Sedang,Pemula
202300104,100.0,100.0,85.9,80.4,73.4,62.9,83.8,18,2,1111,100.0,100.0,83.0,14.74,1,Sulit,Mahir
202300105,71.0,72.1,80.7,84.0,43.9,75.6,71.2,12,8,686,96.7,95.0,72.2,14.28,4,Mudah,Mahir
202300106,48.0,77.5,76.3,59.4,62.3,78.1,66.9,14,6,1019,81.9,66.6,68.1,12.34,1,Sulit,Menengah
202300107,76.7,59.8,51.7,60.3,37.6,59.0,57.5,15,5,1058,67.4,62.8,60.3,12.76,1,Sulit,Menengah
202300108,33.7,36.3,21.2,43.7,15.7,1.9,25.4,7,13,1531,47.8,42.0,14.0,15.4,3,Sedang,Pemula
202300109,47.2,41.9,48.6,33.1,4.2,27.3,33.7,7,13,1349,47.7,27.1,0.0,16.63,1,Mudah,Pemula
202300110,70.4,85.5,67.6,96.4,95.2,69.7,80.8,16,4,789,96.9,96.5,82.3,13.25,1,Mudah,Mahir
202300111,78.7,81.5,74.1,86.2,69.8,76.1,77.7,19,1,992,81.6,70.8,57.6,5.76,1,Sulit,Menengah
202300112,61.0,58.5,70.3,26.6,61.8,13.0,48.5,6,14,1528,49.2,36.2,12.9,23.01,3,Mudah,Pemula
202300113,56.5,44.8,56.6,45.7,31.2,44.8,46.6,11,9,1392,49.3,37.2,15.2,9.41,3,Sulit,Pemula
202300114,78.2,84.7,72.0,67.9,60.5,78.9,73.7,14,6,963,90.1,72.9,50.0,8.71,1,Sedang,Menengah
202300115,34.7,28.8,29.3,4.4,17.7,15.8,21.8,3,17,1227,49.9,33.0,29.9,11.2,2,Sedang,Pemula
202300116,82.9,100.0,58.2,69.4,71.2,74.3,76.0,15,5,935,100.0,75.8,76.9,14.21,2,Sedang,Mahir
202300117,17.0,38.7,38.7,32.9,39.9,42.6,35.0,5,15,1116,60.0,51.8,43.8,9.35,2,Mudah,Menengah
202300118,66.1,84.3,75.1,47.8,55.6,46.1,62.5,15,5,878,68.5,43.7,49.0,15.36,2,Sedang,Menengah
202300119,72.4,84.4,50.3,55.9,60.1,49.1,62.0,13,7,1041,62.1,56.2,43.7,13.81,4,Sulit,Menengah
202300120,26.8,57.1,38.7,51.1,54.5,30.5,43.1,9,11,1427,53.6,57.4,31.6,12.91,1,Mudah,Menengah
202300121,56.9,28.4,51.8,73.5,37.9,49.0,49.6,8,12,1095,64.0,61.3,48.5,15.6,1,Sulit,Menengah
202300122,46.2,63.5,52.1,62.1,62.9,48.1,55.8,12,8,1138,72.6,64.8,50.6,7.93,2,Sulit,Menengah
202300123,26.7,60.6,21.7,26.0,36.8,40.7,35.4,7,13,1290,59.0,42.9,28.2,14.26,1,Mudah,Pemula
202300124,73.6,74.8,66.8,37.1,55.5,60.2,61.3,13,7,1436,73.0,86.6,55.8,14.03,2,Sedang,Menengah
202300125,22.5,41.9,32.2,25.1,31.7,25.7,29.8,4,16,1271,49.0,34.2,22.1,7.04,1,Mudah,Pemula
202300126,73.8,76.8,43.6,48.7,36.9,46.0,54.3,15,5,1334,62.6,59.6,48.1,16.76,1,Sedang,Menengah
202300127,54.8,54.2,26.5,35.3,64.3,26.5,43.6,5,15,1166,52.0,36.5,19.8,16.25,4,Sulit,Pemula
202300128,53.2,65.8,54.2,72.1,40.3,34.0,53.3,11,9,1174,67.8,54.0,24.2,14.51,1,Sulit,Pemula
202300129,1.1,48.3,30.2,41.6,29.4,22.2,28.8,7,13,1302,44.5,32.7,8.8,16.48,2,Sulit,Pemula
202300130,50.7,84.1,56.5,62.2,45.7,55.6,59.1,14,6,1030,71.3,69.6,43.2,13.44,3,Mudah,Menengah
202300131,66.7,52.2,62.1,22.3,68.0,4.3,45.9,11,9,1203,66.6,40.2,32.5,26.5,1,Sedang,Pemula
202300132,49.4,90.2,81.7,73.1,96.9,57.8,74.8,13,7,1150,98.6,91.7,78.7,18.49,1,Mudah,Mahir
202300133,70.5,61.8,51.4,64.8,59.0,41.6,58.2,17,3,970,76.3,71.0,45.4,10.3,1,Sulit,Menengah
202300134,26.7,36.3,47.7,28.8,36.3,22.8,33.1,3,17,1260,54.9,39.7,18.7,8.94,2,Mudah,Pemula
202300135,86.2,98.5,76.1,70.8,56.4,78.1,77.7,17,3,1210,76.2,71.0,52.7,14.2,1,Mudah,Menengah
202300136,32.7,46.6,31.1,26.7,29.6,23.2,31.6,3,17,1171,49.3,34.6,19.5,8.06,2,Mudah,Pemula
202300137,79.6,100.0,85.2,62.7,63.9,67.8,76.5,15,5,1177,100.0,85.4,67.2,14.58,1,Mudah,Mahir
202300138,81.0,67.8,51.4,72.3,56.5,41.0,61.7,16,4,1141,67.5,60.3,46.7,14.72,1,Mudah,Menengah
202300139,91.6,76.0,65.5,73.2,84.1,65.3,76.0,13,7,1012,92.0,72.0,55.0,10.41,1,Mudah,Mahir
202300140,29.3,28.9,42.1,4.0,3.8,0.9,18.2,4,16,1004,42.4,26.7,12.7,17.42,1,Sulit,Pemula
202300141,83.1,88.0,70.2,70.6,47.7,56.5,69.4,12,8,1037,84.4,55.3,54.0,15.32,1,Sulit,Menengah
202300142,46.0,67.0,62.1,65.6,39.1,42.6,53.7,9,11,1194,79.9,66.8,44.3,12.53,4,Mudah,Menengah
202300143,92.0,52.4,96.7,82.6,66.0,76.6,77.7,15,5,1311,94.8,69.2,64.1,16.54,1,Sulit,Mahir
202300144,53.1,64.3,59.4,58.4,90.0,20.0,57.5,8,12,1216,74.6,60.9,58.3,22.51,2,Sedang,Menengah
202300145,73.6,96.9,79.3,80.7,82.4,51.7,77.4,10,10,1261,89.4,74.3,50.7,14.8,2,Sulit,Menengah
202300146,20.1,27.7,28.7,19.4,27.4,29.9,25.5,5,15,1162,32.8,29.9,0.0,4.57,2,Mudah,Pemula
202300147,20.9,11.8,42.0,13.7,13.1,22.9,20.7,3,17,1302,35.6,17.1,18.7,11.35,2,Sedang,Pemula
202300148,66.2,86.3,51.5,35.3,50.0,63.8,58.8,12,8,1350,52.3,56.8,45.4,17.43,1,Sedang,Menengah
202300149,84.4,86.4,87.6,76.3,35.3,72.8,73.8,16,4,927,85.3,75.0,64.5,19.75,2,Mudah,Menengah
202300150,48.9,43.9,50.2,56.8,51.7,41.8,48.9,10,10,1402,51.0,42.3,28.3,5.43,1,Sedang,Pemula
202300151,67.1,87.1,97.4,89.1,86.2,68.0,82.5,17,3,1096,100.0,96.2,74.6,12.23,3,Sedang,Mahir
202300152,86.0,90.7,83.8,92.6,97.2,45.0,82.6,16,4,1080,79.5,71.5,62.9,19.0,1,Sedang,Mahir
202300153,51.5,30.0,26.5,42.7,14.8,46.8,35.4,9,11,1254,42.3,17.8,19.0,13.97,2,Mudah,Pemula
202300154,38.7,87.0,65.3,68.0,62.4,54.8,62.7,14,6,948,82.5,71.4,61.8,15.9,2,Sedang,Menengah
202300155,30.4,47.1,43.6,28.6,36.1,55.6,40.2,8,12,1541,48.2,36.6,31.1,10.43,2,Sedang,Pemula
202300156,79.4,72.7,100.0,85.6,70.2,57.0,77.5,16,4,1203,82.7,54.0,46.0,14.64,1,Mudah,Menengah
202300157,54.7,40.5,38.9,43.5,6.7,51.7,39.3,10,10,1322,49.3,37.6,30.5,17.16,2,Mudah,Pemula
202300158,69.3,62.8,68.5,58.4,71.2,59.1,64.9,12,8,1045,78.5,73.3,50.2,5.52,2,Mudah,Menengah
202300159,100.0,74.9,53.9,46.5,61.1,68.7,67.5,18,2,1122,81.5,55.1,46.7,18.86,2,Mudah,Menengah
202300160,79.6,65.7,62.1,63.5,56.8,78.0,67.6,12,8,1120,87.4,84.0,54.5,9.16,1,Mudah,Menengah
202300161,54.4,32.9,63.4,9.9,17.6,25.1,33.9,5,15,1290,60.2,39.8,35.9,21.03,1,Mudah,Pemula
202300162,100.0,88.6,66.3,83.8,64.2,62.6,77.6,14,6,1168,84.0,75.5,66.7,15.45,1,Sedang,Mahir
202300163,23.5,45.3,16.9,2.8,32.1,5.7,21.0,5,15,1229,35.5,15.7,1.5,16.14,3,Sedang,Pemula
202300164,36.3,55.3,16.2,49.5,55.9,21.6,39.1,7,13,983,64.8,47.3,37.6,17.27,1,Sulit,Pemula
202300165,82.2,93.6,65.9,62.2,76.1,72.4,75.4,14,6,1092,78.0,69.2,59.1,11.41,2,Sedang,Menengah
202300166,38.4,30.6,10.2,29.4,48.5,25.0,30.4,9,11,1023,45.8,22.4,10.1,12.88,2,Sedang,Pemula
202300167,62.0,88.2,79.5,54.8,74.5,66.4,70.9,12,8,1006,85.4,93.5,56.7,12.21,2,Sulit,Mahir
202300168,74.2,83.9,100.0,78.1,92.5,81.0,85.0,16,4,917,96.9,80.0,74.4,9.62,2,Sedang,Mahir
202300169,73.5,45.0,43.5,76.4,36.3,6.1,46.8,11,9,1299,54.5,43.1,30.6,25.96,2,Sedang,Pemula
202300170,98.5,95.1,65.9,100.0,77.8,100.0,89.6,18,2,1265,94.9,98.8,70.4,14.33,2,Mudah,Mahir
202300171,35.5,72.3,44.0,50.2,32.1,30.3,44.1,11,9,927,60.7,56.3,33.4,15.75,1,Sedang,Pemula
202300172,74.3,50.1,53.4,59.1,27.9,56.6,53.6,9,11,1499,80.6,68.7,45.4,15.1,3,Sedang,Menengah
202300173,48.3,44.4,53.2,36.7,42.6,39.2,44.1,7,13,1260,37.0,25.3,26.3,6.03,4,Sedang,Pemula
202300174,86.1,65.6,78.4,98.3,72.2,84.7,80.9,17,3,1057,99.3,84.6,61.2,11.49,2,Sulit,Mahir
202300175,52.4,35.0,24.0,23.3,20.8,35.8,31.9,5,15,1046,58.4,24.7,19.1,11.87,4,Sulit,Pemula
202300176,13.2,32.3,31.0,31.7,7.6,0.0,19.3,3,17,1462,50.5,39.2,9.2,14.19,4,Sulit,Pemula
202300177,82.6,50.5,77.8,45.4,69.6,68.6,65.8,13,7,1054,86.8,63.8,56.5,14.82,2,Sedang,Menengah
202300178,100.0,96.9,83.8,100.0,100.0,83.6,94.0,19,1,938,100.0,86.3,76.5,8.11,2,Sulit,Mahir
202300179,95.6,82.9,78.5,100.0,100.0,57.9,85.8,16,4,657,100.0,88.7,89.1,16.37,2,Sulit,Mahir
202300180,63.1,46.5,59.1,56.7,27.6,49.7,50.4,13,7,1166,73.0,60.6,45.8,12.75,1,Mudah,Menengah
202300181,80.7,99.9,68.9,59.1,70.6,75.3,75.8,16,4,1111,100.0,85.4,69.7,13.85,1,Sedang,Mahir
202300182,85.4,100.0,89.1,88.2,75.4,63.1,83.5,15,5,945,99.1,96.8,61.4,12.74,2,Mudah,Mahir
202300183,65.4,84.5,52.2,44.2,80.2,64.4,65.1,13,7,1293,73.2,70.7,41.6,15.54,3,Mudah,Menengah
202300184,50.7,56.2,44.7,45.2,50.9,21.5,44.9,9,11,1388,65.3,53.3,30.2,12.21,1,Mudah,Pemula
202300185,100.0,92.5,97.7,100.0,70.0,64.2,87.4,15,5,880,100.0,77.6,69.7,16.07,3,Sedang,Mahir
202300186,49.6,90.5,69.5,70.0,60.9,62.7,67.2,8,12,1350,82.6,79.3,53.9,13.61,2,Mudah,Menengah
202300187,60.5,72.7,49.2,28.5,39.2,46.1,49.4,10,10,1240,59.1,38.8,12.7,15.61,2,Mudah,Pemula
202300188,39.8,56.9,30.6,27.1,55.6,40.0,41.7,5,15,1253,66.5,54.5,25.3,12.39,1,Mudah,Pemula
202300189,65.6,44.8,72.3,53.5,50.2,39.7,54.4,14,6,1202,62.6,66.5,45.6,12.43,2,Sedang,Menengah
202300190,33.1,41.8,54.8,39.0,52.7,24.9,41.0,13,7,1267,62.3,44.2,35.1,11.43,1,Sulit,Pemula
202300191,100.0,85.8,85.1,56.7,39.3,80.4,74.6,14,6,597,89.8,87.4,55.0,22.28,1,Sulit,Mahir
202300192,51.1,5.9,42.4,23.1,33.0,35.5,31.8,8,12,1284,51.7,9.5,6.2,15.79,1,Sedang,Pemula
202300193,74.2,54.9,65.2,54.2,65.9,59.2,62.3,11,9,971,73.2,50.4,31.7,7.65,1,Mudah,Pemula
202300194,76.8,100.0,78.2,90.7,100.0,92.0,89.6,19,1,1210,100.0,99.4,80.7,10.17,1,Sulit,Mahir
202300195,64.8,64.3,29.1,26.4,29.9,50.7,44.2,9,11,1456,73.5,56.0,26.4,18.0,2,Mudah,Pemula
202300196,53.6,68.8,41.6,43.8,31.9,13.5,42.2,10,10,1385,58.6,33.2,37.0,18.82,1,Sulit,Pemula
202300197,64.7,76.7,87.1,35.6,48.2,54.0,61.0,10,10,1035,79.8,69.0,59.4,18.97,1,Sedang,Menengah
202300198,82.0,89.0,100.0,79.9,93.5,79.3,87.3,18,2,840,94.8,65.3,70.2,8.36,3,Sedang,Mahir
202300199,56.0,40.6,18.2,29.9,44.0,22.3,35.2,8,12,1146,62.2,44.3,35.9,14.3,2,Mudah,Pemula
202300200,36.1,29.1,13.0,33.3,12.5,18.2,23.7,3,17,1616,51.9,19.2,13.3,10.44,4,Mudah,Pemula
202300201,94.4,76.3,90.3,86.9,79.0,48.6,79.2,12,8,879,92.6,92.9,75.8,16.48,2,Sedang,Mahir
202300202,100.0,100.0,80.0,90.7,37.2,60.6,78.1,16,4,623,96.5,91.6,66.0,24.9,1,Sedang,Mahir
202300203,82.8,77.9,24.0,48.1,42.9,45.3,53.5,9,11,1333,70.4,51.9,32.4,22.51,3,Sulit,Menengah
202300204,62.4,24.8,54.2,46.2,39.9,24.4,42.0,7,13,1502,50.6,43.3,18.3,15.44,3,Sedang,Pemula
202300205,5.4,47.5,16.9,41.4,44.3,21.2,29.4,7,13,1528,67.6,37.9,37.6,17.28,2,Sedang,Pemula
202300206,54.6,50.9,42.7,34.8,15.6,44.6,40.5,9,11,1350,68.0,54.3,43.2,14.01,2,Mudah,Pemula
202300207,48.9,56.5,60.4,62.7,43.0,27.4,49.8,9,11,1414,59.9,38.2,32.7,13.21,2,Sedang,Pemula
202300208,42.4,75.5,90.4,38.6,68.4,70.0,64.2,11,9,1130,84.2,67.4,44.2,19.98,2,Mudah,Menengah
202300209,47.5,50.8,24.0,45.0,11.3,31.4,35.0,10,10,917,53.6,30.3,31.6,15.5,3,Sedang,Pemula
202300210,86.5,62.4,57.6,62.5,51.4,63.0,63.9,10,10,1124,83.3,50.5,41.8,11.93,2,Sedang,Menengah
202300211,49.8,79.5,65.4,66.3,53.4,55.1,61.6,13,7,1228,65.8,60.9,38.8,11.01,1,Sulit,Menengah
202300212,62.8,61.7,71.5,46.1,65.5,28.8,56.1,10,10,1139,67.8,55.0,39.7,15.79,1,Sedang,Menengah
202300213,26.2,43.2,40.5,41.7,26.8,26.9,34.2,7,13,1237,59.2,40.8,35.4,8.35,1,Mudah,Pemula
202300214,78.5,64.3,74.0,56.3,74.8,54.9,67.1,13,7,870,100.0,74.7,80.6,10.1,1,Sulit,Mahir
202300215,83.4,82.5,82.0,52.5,58.7,41.9,66.8,13,7,1006,64.9,68.7,39.2,18.13,1,Sedang,Menengah
202300216,66.2,75.6,55.8,60.4,44.6,60.7,60.6,11,9,1397,74.7,67.2,49.3,10.35,3,Sedang,Menengah
202300217,59.6,49.1,47.5,32.9,30.3,31.7,41.8,6,14,1543,60.1,44.4,14.9,11.97,1,Sedang,Pemula
202300218,9.6,9.0,2.5,32.4,15.9,0.0,11.6,3,17,1334,37.8,28.9,7.9,11.66,1,Sulit,Pemula
202300219,100.0,80.0,81.4,95.0,84.2,71.0,85.3,18,2,1050,94.8,89.4,71.5,10.58,1,Mudah,Mahir
202300220,62.3,59.6,25.7,38.6,50.3,55.6,48.7,8,12,1061,66.2,51.0,37.2,14.04,2,Sedang,Pemula
202300221,50.6,53.1,31.4,51.0,50.5,43.6,46.7,7,13,1318,58.1,50.5,38.6,8.16,2,Sulit,Pemula
202300222,80.0,52.4,75.0,68.2,45.6,52.4,62.3,14,6,1366,71.4,74.3,55.8,14.03,2,Mudah,Menengah
202300223,62.0,77.6,56.3,47.0,66.6,55.7,60.9,10,10,875,69.4,50.5,55.1,10.53,4,Sulit,Menengah
202300224,97.9,71.8,74.4,80.9,89.8,73.8,81.4,16,4,1101,92.8,66.3,61.9,10.41,4,Mudah,Mahir
202300225,30.9,59.6,20.4,32.2,20.9,49.7,35.6,3,17,1391,35.2,31.9,17.3,15.85,3,Mudah,Pemula
202300226,90.2,85.1,78.4,75.8,80.0,62.5,78.7,14,6,1076,96.9,83.3,69.2,9.44,3,Mudah,Mahir
202300227,43.5,53.8,54.3,47.1,37.2,19.6,42.6,12,8,1506,48.3,46.7,29.5,12.97,1,Sulit,Pemula
202300228,62.2,91.2,83.1,70.3,67.3,99.2,78.9,13,7,1401,94.6,70.9,61.4,14.62,2,Sulit,Menengah
202300229,90.2,59.2,41.8,39.6,40.1,47.7,53.1,8,12,1045,96.6,73.7,58.1,19.6,1,Mudah,Menengah
202300230,47.9,31.6,25.6,13.5,56.9,6.0,30.2,12,8,1373,46.7,30.4,27.4,19.56,3,Mudah,Pemula
202300231,40.2,33.3,34.6,34.3,11.4,10.7,27.4,6,14,1325,46.8,31.2,1.1,12.91,1,Mudah,Pemula
202300232,72.9,79.9,59.5,48.6,72.3,15.2,58.1,7,13,1032,69.3,51.7,41.6,23.78,1,Mudah,Menengah
202300233,99.9,67.0,80.8,87.4,68.1,69.8,78.8,12,8,1038,96.2,86.8,70.2,13.1,1,Sedang,Mahir
202300234,56.0,43.3,72.4,73.5,49.4,65.3,60.0,13,7,1236,86.6,48.6,39.7,12.42,2,Mudah,Menengah
202300235,100.0,93.5,75.5,57.1,87.6,50.8,77.4,13,7,1054,91.3,82.5,65.3,19.99,2,Mudah,Mahir
202300236,73.2,82.9,81.1,59.5,91.4,69.9,76.3,13,7,853,96.5,74.0,69.6,11.2,1,Mudah,Mahir
202300237,82.3,52.8,53.0,86.0,51.3,56.9,63.7,11,9,1065,68.3,57.3,57.1,15.98,2,Sedang,Menengah
202300238,100.0,63.8,94.0,85.3,85.0,43.9,78.7,13,7,947,100.0,86.1,68.9,21.0,1,Sedang,Mahir
202300239,37.9,38.7,28.3,31.8,32.6,21.8,31.8,6,14,1112,36.6,43.8,32.9,6.29,3,Sedang,Pemula
202300240,72.0,33.5,42.5,21.5,28.4,28.2,37.7,7,13,1327,48.5,25.7,21.6,18.2,1,Sedang,Pemula
202300241,99.9,100.0,88.2,74.1,69.3,71.2,83.8,16,4,1061,97.9,79.5,68.5,14.17,1,Sulit,Mahir
202300242,100.0,88.5,100.0,66.0,90.8,79.3,87.4,16,4,1150,94.4,73.9,73.3,13.07,2,Sedang,Mahir
202300243,40.8,61.6,34.9,42.9,13.9,2.7,32.8,9,11,1170,51.2,20.2,18.1,21.27,2,Sulit,Pemula
202300244,63.4,61.3,78.4,59.7,72.8,61.4,66.2,10,10,1046,81.3,60.9,56.5,7.61,3,Sedang,Menengah
202300245,71.0,66.2,91.5,83.8,56.5,53.4,70.4,12,8,1318,77.2,75.5,58.7,15.0,2,Mudah,Menengah
202300246,88.9,91.9,69.3,72.3,83.2,79.1,80.8,12,8,1010,100.0,80.3,53.7,8.97,4,Sulit,Mahir
202300247,74.2,46.8,44.1,25.3,59.5,41.4,48.6,8,12,1203,55.8,54.5,23.9,16.69,1,Sedang,Menengah
202300248,53.5,48.9,42.5,40.9,47.5,40.9,45.7,13,7,1161,73.6,51.7,35.5,5.11,1,Sedang,Menengah
202300249,27.0,38.2,40.5,9.2,36.2,15.5,27.8,3,17,1440,55.1,38.3,6.9,12.95,4,Mudah,Pemula
202300250,82.7,79.2,75.1,60.6,46.9,65.3,68.3,13,7,1308,74.2,55.7,63.8,13.41,1,Sedang,Menengah
202300251,67.3,84.0,58.3,35.1,55.1,53.6,58.9,15,5,1304,73.8,59.2,54.5,16.19,3,Sulit,Menengah
202300252,100.0,84.5,91.2,100.0,72.5,79.0,87.9,17,3,969,100.0,79.8,72.6,11.24,1,Mudah,Mahir
202300253,60.3,42.1,24.9,29.0,32.4,52.3,40.2,8,12,1078,62.2,41.0,23.9,13.96,2,Mudah,Menengah
202300254,51.8,44.7,29.9,44.9,35.7,27.1,39.0,5,15,1551,51.3,43.4,33.7,9.66,1,Mudah,Pemula
202300255,42.4,48.7,70.5,66.2,57.2,61.0,57.7,11,9,1331,63.5,50.1,28.9,10.6,2,Sedang,Pemula
202300256,54.2,53.1,56.6,55.7,53.5,68.7,57.0,10,10,1089,65.6,77.7,36.2,5.9,3,Sulit,Menengah
202300257,63.9,88.5,72.9,82.1,92.9,82.9,80.5,17,3,1241,87.8,71.7,63.7,10.58,1,Sedang,Mahir
202300258,44.4,50.1,62.9,44.9,28.7,17.2,41.4,10,10,1205,43.8,33.9,17.2,16.16,1,Sulit,Pemula
202300259,42.3,55.2,41.6,0.0,24.7,0.0,27.3,4,16,1523,40.8,23.8,19.5,23.26,1,Sedang,Pemula
202300260,59.0,65.2,66.4,69.5,54.6,65.4,63.4,15,5,1370,72.5,58.3,57.4,5.48,1,Sedang,Menengah
202300261,22.6,53.9,52.3,42.7,24.3,35.5,38.6,6,14,1052,66.6,47.6,42.8,13.48,1,Mudah,Pemula
202300262,77.0,100.0,81.1,69.5,79.6,74.9,80.4,15,5,1039,100.0,98.1,80.2,10.45,4,Mudah,Mahir
202300263,59.7,27.3,30.6,23.0,24.2,52.1,36.2,9,11,1399,63.5,34.5,27.2,15.71,1,Sedang,Pemula
202300264,55.3,69.6,37.0,48.3,71.0,30.8,52.0,10,10,1598,54.1,52.0,35.0,16.55,1,Mudah,Pemula
202300265,97.2,80.8,71.2,60.2,72.8,69.3,75.2,13,7,882,100.0,80.2,58.4,12.62,2,Mudah,Mahir
202300266,49.8,44.0,55.9,57.6,43.7,53.9,50.8,10,10,1415,66.3,42.5,33.6,5.99,1,Sulit,Pemula
202300267,60.2,31.2,58.3,21.6,49.0,5.5,37.6,10,10,1266,58.2,34.8,16.5,21.89,1,Sedang,Pemula
202300268,38.1,65.2,42.5,15.9,53.4,27.9,40.5,13,7,1055,59.2,38.2,19.7,17.61,2,Mudah,Pemula
202300269,47.4,45.2,6.8,47.5,56.0,49.5,42.1,8,12,1225,55.6,43.1,19.5,17.67,2,Sedang,Pemula
202300270,100.0,82.4,63.2,63.4,43.7,41.5,65.7,15,5,1126,77.3,66.2,47.0,22.52,3,Sedang,Pemula
202300271,74.2,35.5,81.7,25.1,20.2,48.3,47.5,7,13,1054,55.5,44.3,34.8,25.59,1,Sulit,Pemula
202300272,37.6,46.2,53.3,24.0,37.3,46.3,40.8,9,11,1339,52.7,33.3,28.8,10.2,2,Sedang,Pemula
202300273,39.5,81.8,36.3,57.3,50.3,42.9,51.4,10,10,1372,49.5,34.7,19.4,16.75,3,Mudah,Pemula
202300274,66.4,55.8,64.7,65.2,57.5,23.3,55.5,13,7,1173,79.5,64.6,39.8,16.36,3,Mudah,Menengah
202300275,66.6,38.2,49.2,51.8,72.8,41.1,53.3,8,12,1052,73.9,55.2,42.5,13.81,4,Mudah,Menengah
202300276,56.8,59.1,22.0,61.5,53.4,48.4,50.2,6,14,1198,57.4,51.6,36.3,14.55,1,Sedang,Pemula
202300277,55.4,37.3,37.7,30.7,20.3,13.8,32.5,5,15,1257,52.8,49.4,21.8,14.67,4,Sedang,Pemula
202300278,91.6,65.6,68.8,59.3,59.4,49.8,65.8,15,5,1146,77.7,63.4,47.6,14.24,3,Sedang,Menengah
202300279,90.5,80.2,71.1,79.0,89.2,79.0,81.5,17,3,1179,100.0,75.9,76.1,7.25,3,Sedang,Mahir
202300280,100.0,87.9,66.6,68.4,58.6,91.6,78.9,16,4,1035,100.0,84.6,79.4,16.5,2,Mudah,Mahir
202300281,41.1,41.8,41.8,33.2,45.4,32.8,39.4,10,10,1017,64.3,45.4,26.6,5.15,4,Mudah,Pemula
202300282,52.6,22.7,18.3,24.4,17.2,16.7,25.3,6,14,1251,37.0,24.2,0.3,13.72,1,Mudah,Pemula
202300283,49.8,51.8,50.9,43.0,28.3,41.9,44.3,6,14,1258,62.4,40.7,30.7,8.87,2,Sedang,Pemula
202300284,44.4,23.6,19.2,18.4,19.8,26.6,25.3,5,15,1481,51.2,37.1,12.8,9.84,2,Sedang,Pemula
202300285,59.5,42.8,63.4,63.0,48.1,38.6,52.6,13,7,1381,62.8,57.8,39.2,10.81,2,Sulit,Menengah
202300286,58.9,62.8,52.7,45.6,60.2,73.7,59.0,12,8,1408,69.1,60.2,47.1,9.5,3,Mudah,Menengah
202300287,54.5,33.1,58.9,36.2,26.5,23.9,38.8,7,13,1277,54.2,29.0,30.2,14.58,1,Sedang,Pemula
202300288,52.5,30.2,17.8,33.3,28.4,29.4,31.9,8,12,1411,54.0,38.3,18.7,11.37,1,Mudah,Pemula
202300289,73.6,74.5,56.5,69.2,49.5,61.6,64.2,12,8,859,72.3,62.6,63.2,10.02,1,Sedang,Menengah
202300290,24.7,14.7,36.0,1.6,27.3,18.5,20.5,7,13,1385,40.3,32.1,20.6,11.82,2,Mudah,Pemula
202300291,69.1,80.2,100.0,88.6,90.4,77.5,84.3,19,1,842,98.4,82.0,72.2,10.92,2,Sedang,Mahir
202300292,26.0,37.1,52.1,20.9,21.7,32.0,31.6,8,12,1274,50.2,22.7,14.3,11.79,3,Mudah,Pemula
202300293,64.8,73.1,86.0,98.2,79.6,90.9,82.1,19,1,1488,100.0,83.3,78.0,12.15,3,Mudah,Mahir
202300294,47.7,59.3,43.7,30.0,40.3,43.6,44.1,8,12,1296,47.5,45.6,28.7,9.57,2,Sedang,Pemula
202300295,91.6,98.0,60.9,76.3,51.4,77.4,75.9,12,8,894,100.0,82.4,84.2,17.68,1,Mudah,Mahir
202300296,82.6,82.7,89.2,100.0,86.6,62.5,83.9,15,5,1045,91.4,87.4,76.8,12.29,2,Sedang,Mahir
202300297,58.6,90.7,72.0,75.2,100.0,67.1,77.3,17,3,917,85.1,69.5,76.2,15.37,3,Mudah,Mahir
202300298,77.3,63.8,53.5,85.0,59.9,91.2,71.8,14,6,905,87.2,82.5,63.6,14.98,2,Sulit,Mahir
202300299,70.7,75.3,81.0,68.2,69.5,68.1,72.1,13,7,1397,80.4,76.1,60.5,5.09,3,Mudah,Mahir
202300300,96.0,91.1,49.6,57.1,62.2,40.3,66.0,10,10,1293,76.7,54.5,49.1,22.6,4,Sedang,Menengah
202300301,69.2,81.0,83.5,81.7,94.9,82.3,82.1,15,5,1063,95.5,76.4,72.0,8.17,1,Sulit,Mahir
202300302,29.4,15.4,26.1,48.5,46.0,2.5,28.0,2,18,1201,52.1,40.9,25.7,17.66,2,Sedang,Pemula
202300303,86.4,69.7,68.6,55.2,29.4,58.8,61.4,12,8,1073,71.8,67.6,58.9,19.05,2,Mudah,Menengah
202300304,78.2,92.1,59.1,45.9,57.1,64.2,66.1,15,5,1360,80.9,60.9,54.5,16.52,2,Sedang,Menengah
202300305,100.0,91.7,100.0,85.9,100.0,72.2,91.6,20,0,1022,99.8,93.5,72.5,11.14,1,Mudah,Mahir
202300306,58.1,69.5,62.7,52.7,62.4,55.0,60.1,11,9,668,77.0,43.8,41.1,6.09,1,Sedang,Menengah
202300307,42.9,32.3,49.0,21.6,8.9,0.0,25.8,7,13,1696,44.7,24.5,3.5,19.19,1,Sedang,Pemula
202300308,77.7,36.4,46.9,57.7,53.0,41.4,52.2,14,6,1190,64.7,42.0,55.2,14.67,2,Sedang,Menengah
202300309,41.4,51.9,39.5,47.3,20.2,37.1,39.6,10,10,1302,45.9,35.7,21.7,10.92,1,Sulit,Pemula
202300310,65.7,22.1,44.4,40.7,58.1,50.9,47.0,11,9,1381,61.7,59.3,40.7,15.2,1,Mudah,Pemula
202300311,46.2,65.7,49.8,54.7,36.8,67.0,53.4,9,11,1211,66.8,74.8,50.3,11.65,2,Mudah,Menengah
202300312,55.1,65.7,46.7,29.3,42.8,38.5,46.4,8,12,1331,53.9,49.6,35.1,12.78,1,Sedang,Menengah
202300313,38.7,1.1,17.0,47.0,15.9,14.9,22.4,4,16,1263,45.2,23.6,7.3,17.04,3,Sedang,Pemula
202300314,33.1,19.4,27.2,44.2,15.8,13.9,25.6,3,17,1098,37.5,32.6,10.2,11.63,1,Mudah,Pemula
202300315,44.9,27.1,13.2,37.6,47.5,44.6,35.8,6,14,1328,58.6,39.4,11.3,13.32,1,Sedang,Pemula
202300316,35.7,36.8,3.0,15.4,25.6,15.2,22.0,4,16,1506,52.1,26.2,31.5,13.19,4,Sedang,Pemula
202300317,36.4,41.3,21.7,44.4,31.7,7.7,30.5,5,15,1154,54.0,36.3,24.1,13.74,3,Sulit,Pemula
202300318,63.0,79.4,70.9,68.0,39.8,31.5,58.8,14,6,1016,68.9,71.2,57.0,18.86,2,Sedang,Menengah
202300319,42.9,65.9,19.7,52.1,12.8,54.8,41.4,6,14,1411,65.9,40.0,41.9,20.91,3,Mudah,Pemula
202300320,94.2,91.3,59.4,91.8,57.8,66.0,76.8,12,8,949,93.6,74.4,64.7,17.43,1,Mudah,Mahir
202300321,65.7,83.3,91.2,100.0,68.1,69.9,79.7,14,6,962,88.6,78.8,69.7,14.03,3,Sedang,Mahir
202300322,72.1,71.8,58.8,47.5,67.4,50.1,61.3,13,7,1045,81.1,67.9,54.2,10.83,1,Mudah,Menengah
202300323,27.6,21.8,30.9,3.7,8.7,5.9,16.4,7,13,1314,33.2,24.9,1.5,11.8,2,Mudah,Pemula
202300324,65.3,82.2,66.2,49.5,74.4,74.7,68.7,15,5,856,69.5,65.9,52.0,11.29,1,Mudah,Menengah
202300325,72.8,82.4,97.6,100.0,75.0,45.5,78.9,16,4,912,90.8,87.8,75.6,19.88,3,Sedang,Mahir
202300326,81.8,80.7,35.8,75.7,49.4,39.9,60.5,10,10,1164,78.2,75.8,46.6,21.22,1,Sulit,Menengah
202300327,100.0,100.0,91.9,86.3,73.2,87.9,89.9,18,2,990,100.0,90.1,76.7,10.04,1,Mudah,Mahir
202300328,61.1,80.5,34.7,51.8,62.0,53.0,57.2,13,7,1329,79.6,59.0,45.9,15.06,1,Mudah,Menengah
202300329,85.3,78.7,100.0,62.9,100.0,48.3,79.2,16,4,1342,83.8,86.1,78.1,20.61,2,Sedang,Menengah
202300330,24.0,49.0,21.4,52.1,4.4,9.1,26.7,6,14,1511,55.9,34.6,8.2,19.92,1,Mudah,Pemula
202300331,55.5,24.7,36.7,49.6,45.0,41.1,42.1,9,11,1314,68.7,46.1,45.7,10.74,2,Sulit,Menengah
202300332,68.5,42.4,22.4,34.9,51.2,9.6,38.2,7,13,1233,48.8,42.2,21.8,20.9,1,Sedang,Pemula
202300333,65.3,55.8,40.1,57.5,43.4,33.4,49.2,9,11,1061,72.9,64.1,39.2,12.15,3,Sedang,Menengah
202300334,88.1,79.1,95.5,78.1,83.8,82.3,84.5,17,3,1027,92.8,81.8,65.3,6.47,1,Sulit,Mahir
202300335,58.4,58.2,73.4,21.1,49.7,21.7,47.1,10,10,1337,53.0,42.1,31.1,21.31,4,Sedang,Pemula
202300336,88.5,67.5,66.5,65.4,64.8,58.7,68.6,15,5,1233,80.6,56.2,59.4,10.24,1,Mudah,Menengah
202300337,16.7,24.5,14.7,55.8,47.5,24.5,30.6,9,11,1385,48.9,35.2,18.9,16.98,1,Sedang,Pemula
202300338,55.5,75.5,40.3,79.8,77.7,76.0,67.5,12,8,1067,82.0,77.6,64.6,15.97,1,Sedang,Menengah
202300339,55.5,56.3,49.7,51.5,63.2,35.0,51.9,11,9,1337,59.6,39.5,42.0,9.49,1,Sedang,Pemula
202300340,87.2,93.9,90.1,97.6,82.2,94.2,90.9,16,4,1160,96.4,88.5,83.9,5.56,2,Sulit,Mahir
202300341,67.3,45.5,34.4,35.8,28.7,26.9,39.8,3,17,1378,58.2,41.0,23.8,14.99,1,Mudah,Pemula
202300342,92.8,100.0,91.3,82.8,70.2,79.7,86.1,17,3,955,99.0,84.9,81.3,10.68,3,Sedang,Mahir
202300343,58.3,66.3,70.0,81.5,73.8,48.8,66.4,13,7,925,81.5,75.3,65.1,11.59,2,Mudah,Mahir
202300344,53.4,58.3,60.0,61.1,44.3,19.1,49.4,10,10,996,73.6,64.2,43.4,16.05,1,Mudah,Menengah
202300345,49.1,96.9,76.1,61.2,62.3,79.2,70.8,12,8,919,97.1,81.7,55.7,16.82,2,Sedang,Mahir
202300346,82.5,64.9,68.6,76.4,77.9,77.5,74.6,11,9,1039,98.7,76.8,57.4,6.56,1,Sedang,Mahir
202300347,84.0,89.4,89.2,92.0,72.8,73.3,83.4,17,3,1102,91.0,68.6,68.6,8.47,1,Sedang,Mahir
202300348,39.2,38.8,44.2,30.0,36.3,29.8,36.4,7,13,1040,49.4,40.7,23.6,5.64,1,Mudah,Pemula
202300349,95.3,73.9,79.9,91.5,96.7,77.0,85.7,16,4,973,92.1,70.8,54.0,9.95,1,Mudah,Menengah
202300350,71.4,33.0,47.9,33.5,24.5,30.1,40.1,7,13,1306,38.4,51.7,28.8,17.19,1,Sedang,Pemula
202300351,66.6,66.6,47.9,77.6,52.7,68.6,63.3,15,5,963,84.3,78.7,54.5,10.99,4,Sedang,Menengah
202300352,18.7,61.9,16.2,44.5,41.8,41.4,37.4,12,8,1339,41.1,52.3,30.4,17.23,2,Sulit,Pemula
202300353,82.8,48.7,60.8,54.8,61.6,73.4,63.7,11,9,1070,69.0,56.9,54.0,12.46,4,Sedang,Menengah
202300354,76.7,50.9,53.8,37.1,68.7,45.8,55.5,7,13,1006,74.0,67.0,43.6,14.7,1,Sulit,Menengah
202300355,87.4,51.6,77.0,63.0,65.9,47.1,65.3,14,6,1114,92.7,71.8,56.9,15.16,3,Sulit,Menengah
202300356,86.9,86.0,83.5,74.0,61.3,35.0,71.1,18,2,1142,94.1,75.3,62.7,20.16,1,Mudah,Menengah
202300357,65.4,67.9,79.7,52.3,44.6,79.3,64.9,13,7,926,91.1,70.4,57.1,14.19,1,Sedang,Menengah
202300358,100.0,87.5,89.7,72.9,64.7,84.3,83.2,13,7,953,100.0,93.5,62.5,12.59,3,Sedang,Mahir
202300359,58.3,62.9,71.1,50.0,34.5,66.7,57.2,14,6,1175,69.4,66.5,55.2,13.3,1,Sulit,Menengah
202300360,73.1,45.6,67.1,60.7,51.4,82.4,63.4,15,5,1041,71.0,57.0,36.1,13.69,1,Sedang,Menengah
202300361,70.9,84.9,90.2,88.9,56.1,81.2,78.7,18,2,739,93.3,71.8,78.4,13.06,3,Sedang,Mahir
202300362,42.1,76.1,41.9,27.1,55.9,22.9,44.3,11,9,974,55.7,51.1,28.4,19.55,2,Sedang,Pemula
202300363,78.1,59.0,68.8,54.8,40.0,42.1,57.1,10,10,1156,61.0,44.2,42.6,14.86,2,Sedang,Pemula
202300364,43.6,31.7,48.3,39.9,28.2,22.7,35.7,9,11,1040,52.7,44.7,10.0,9.8,1,Sulit,Pemula
202300365,83.6,83.6,65.7,33.7,41.2,59.5,61.2,15,5,1034,87.5,70.0,57.3,20.89,1,Sulit,Menengah
202300366,88.5,66.6,45.8,59.6,65.2,54.1,63.3,11,9,1370,68.3,67.2,64.0,14.52,4,Mudah,Menengah
202300367,95.6,72.8,93.3,100.0,74.3,77.3,85.6,17,3,745,100.0,88.7,70.8,12.06,1,Mudah,Mahir
202300368,84.9,73.6,83.6,42.5,46.6,31.2,60.4,14,6,1066,73.5,70.2,51.6,23.14,1,Sedang,Menengah
202300369,37.0,54.4,37.0,40.3,53.0,48.6,45.1,8,12,1616,49.1,36.1,17.1,7.94,1,Sedang,Pemula
202300370,62.8,100.0,88.2,93.2,93.1,79.4,86.1,17,3,1057,100.0,74.5,67.9,13.3,3,Sulit,Mahir
202300371,45.7,43.2,26.0,25.0,40.2,32.3,35.4,6,14,1168,52.7,49.4,31.5,8.9,3,Mudah,Menengah
202300372,54.0,46.2,42.6,36.0,51.9,45.7,46.1,13,7,1218,57.7,37.0,17.3,6.49,2,Sulit,Pemula
202300373,26.2,22.6,9.8,0.0,12.4,14.8,14.3,3,17,1481,27.2,5.2,0.0,9.37,4,Sedang,Pemula
202300374,13.2,36.3,23.5,48.0,35.5,24.5,30.2,6,14,1603,38.0,20.8,11.5,12.24,1,Mudah,Pemula
202300375,43.4,43.1,70.8,40.7,35.8,42.2,46.0,10,10,1156,54.3,45.1,25.4,12.46,3,Mudah,Pemula
202300376,37.5,29.4,39.0,46.5,69.0,32.4,42.3,9,11,1118,56.4,42.7,20.2,14.34,1,Sedang,Pemula
202300377,73.1,77.6,73.7,97.5,67.2,82.4,78.6,20,0,816,86.6,62.3,72.4,10.55,1,Mudah,Mahir
202300378,48.0,74.0,68.0,60.0,71.9,61.3,63.9,12,8,1164,72.8,56.0,51.5,9.57,1,Sulit,Menengah
202300379,50.4,23.5,31.7,36.4,40.9,37.6,36.8,6,14,977,61.9,57.8,27.7,9.01,4,Sedang,Pemula
202300380,58.3,68.3,52.0,44.4,62.9,47.3,55.5,12,8,1065,70.4,56.9,39.0,9.26,3,Sedang,Menengah
202300381,88.4,81.1,91.6,79.0,83.1,78.6,83.6,15,5,895,100.0,75.3,57.8,5.29,2,Mudah,Menengah
202300382,100.0,90.6,78.8,73.5,88.3,68.0,83.2,16,4,1173,99.5,90.3,74.8,11.9,1,Sulit,Mahir
202300383,85.4,100.0,68.0,37.5,67.2,80.1,73.0,15,5,908,96.7,90.6,75.0,21.22,1,Sedang,Mahir
202300384,71.0,66.4,92.9,81.1,68.9,66.2,74.4,16,4,1127,87.6,79.9,66.2,10.58,1,Sulit,Menengah
202300385,44.0,11.6,54.7,21.5,67.5,31.9,38.5,8,12,997,48.8,21.5,21.9,20.93,1,Sedang,Pemula
202300386,79.9,75.1,86.3,93.0,67.5,52.7,75.8,16,4,1053,89.4,90.1,59.5,14.32,1,Sedang,Mahir
202300387,56.6,72.3,55.3,71.3,59.1,52.3,61.2,9,11,933,74.4,66.8,56.8,8.54,2,Sulit,Menengah
202300388,79.6,81.2,82.2,66.3,77.3,78.4,77.5,15,5,934,89.3,100.0,66.9,5.77,2,Sedang,Mahir
202300389,34.4,18.0,20.6,19.0,21.4,7.9,20.2,7,13,1671,46.8,25.0,12.4,8.49,3,Sedang,Pemula
202300390,86.7,61.2,53.4,51.7,100.0,64.1,69.5,14,6,1158,92.7,69.4,58.9,19.49,2,Mudah,Mahir
202300391,58.1,82.9,45.9,49.5,33.3,47.3,52.8,8,12,1128,70.4,58.6,42.2,16.75,1,Mudah,Menengah
202300392,58.3,61.7,41.6,56.2,40.2,47.1,50.8,14,6,1733,57.1,44.5,38.2,9.11,2,Sedang,Pemula
202300393,45.5,76.8,52.0,90.0,83.6,59.4,67.9,14,6,974,95.0,67.8,46.2,18.12,1,Mudah,Menengah
202300394,63.4,75.6,40.5,73.8,64.5,15.1,55.5,14,6,1318,71.3,68.8,55.0,23.41,2,Sedang,Menengah
202300395,37.0,42.1,50.3,38.0,67.9,35.0,45.0,5,15,1019,40.8,38.6,5.8,12.44,3,Sulit,Pemula
202300396,73.3,56.8,68.9,55.5,46.6,46.5,57.9,8,12,1074,68.7,62.7,48.4,11.16,1,Sedang,Menengah
202300397,85.8,84.0,100.0,76.2,80.3,82.5,84.8,15,5,767,100.0,89.7,72.9,8.15,1,Mudah,Mahir
202300398,21.8,30.4,29.5,69.5,25.6,26.2,33.8,8,12,1343,55.0,31.2,26.5,17.74,3,Sedang,Pemula
202300399,46.6,91.0,62.4,52.9,43.3,39.1,55.9,11,9,1168,66.7,54.4,35.8,19.03,2,Mudah,Menengah
202300400,78.4,83.0,69.2,94.7,43.4,55.9,70.8,13,7,1033,91.3,76.9,62.3,18.73,2,Sulit,Menengah
202300401,59.0,32.7,21.6,53.1,42.7,27.0,39.4,9,11,1452,55.6,45.9,26.8,14.82,2,Sedang,Pemula
202300402,56.1,80.1,83.2,56.8,84.0,83.4,73.9,12,8,953,88.8,83.5,58.9,13.61,2,Sedang,Mahir
202300403,93.8,73.7,99.1,70.6,70.6,85.1,82.2,15,5,1040,97.7,84.0,70.6,12.41,1,Sedang,Mahir
202300404,75.3,66.9,45.7,30.2,40.2,49.5,51.3,9,11,1371,58.3,28.3,28.0,16.87,3,Sedang,Pemula
202300405,80.5,71.4,76.0,63.6,54.9,70.5,69.5,15,5,810,94.6,74.3,53.0,9.12,4,Mudah,Mahir
202300406,88.0,100.0,80.2,74.4,85.4,85.9,85.6,13,7,875,100.0,78.8,69.0,8.58,1,Mudah,Mahir
202300407,37.0,58.7,33.8,78.5,17.8,15.7,40.2,4,16,1237,55.1,44.2,38.4,24.34,1,Sedang,Pemula
202300408,80.6,92.5,72.9,67.6,80.1,89.8,80.6,16,4,1091,97.8,80.2,76.5,9.54,2,Sulit,Mahir
202300409,29.4,50.8,38.7,53.2,67.4,23.4,43.8,12,8,1460,70.3,44.3,27.4,16.39,2,Mudah,Pemula
202300410,50.9,79.0,63.9,83.7,83.7,85.1,74.4,16,4,1009,91.5,68.7,64.8,13.94,1,Mudah,Mahir
202300411,80.9,64.7,78.2,57.4,43.1,38.0,60.4,14,6,1059,84.2,56.0,57.1,17.7,2,Mudah,Menengah
202300412,64.4,48.9,68.2,56.0,44.9,40.1,53.8,11,9,993,78.4,69.7,54.6,11.09,2,Sedang,Menengah
202300413,39.4,31.2,22.5,26.9,30.0,54.3,34.1,7,13,1333,52.3,29.8,14.9,11.38,2,Mudah,Pemula
202300414,79.0,100.0,95.3,91.4,77.8,68.9,85.4,14,6,928,100.0,87.4,86.1,11.98,1,Sedang,Mahir
202300415,33.4,43.3,44.6,54.1,27.8,64.8,44.7,11,9,1154,69.7,57.0,45.2,13.47,1,Mudah,Pemula
202300416,51.3,41.4,49.8,51.6,50.2,47.9,48.7,10,10,1169,70.9,59.0,43.4,3.81,1,Sedang,Pemula
202300417,45.9,40.3,38.8,59.2,43.2,31.9,43.2,13,7,1293,64.8,54.8,28.6,9.15,4,Mudah,Pemula
202300418,94.2,100.0,94.1,92.8,100.0,78.4,93.2,17,3,915,92.3,84.6,63.3,7.92,2,Sedang,Mahir
202300419,45.1,57.3,38.0,53.6,38.6,13.4,41.0,11,9,1121,58.8,47.5,23.8,15.61,1,Mudah,Pemula
202300420,96.1,92.6,98.2,96.1,94.5,78.5,92.7,19,1,1048,100.0,96.4,75.3,7.19,3,Sedang,Mahir
202300421,72.9,62.1,62.2,46.5,36.0,34.2,52.3,10,10,633,75.9,66.7,39.3,15.78,1,Sulit,Menengah
202300422,66.4,42.1,38.4,26.2,21.9,21.6,36.1,4,16,1157,71.0,28.1,27.6,17.14,2,Mudah,Pemula
202300423,33.8,37.9,38.9,42.0,51.5,49.1,42.2,4,16,1041,50.5,42.1,39.2,6.84,1,Sulit,Pemula
202300424,42.2,41.2,46.6,37.5,40.4,35.7,40.6,9,11,1455,59.3,44.5,26.5,3.81,2,Mudah,Pemula
202300425,78.5,78.4,70.5,42.4,35.7,21.8,54.6,13,7,1077,67.4,54.2,41.5,24.38,2,Sedang,Menengah
202300426,100.0,91.7,84.2,69.3,71.6,85.5,83.7,16,4,924,95.7,92.3,63.4,11.72,3,Sedang,Mahir
202300427,35.0,39.9,76.3,31.6,19.4,31.2,38.9,9,11,1225,73.8,44.0,30.6,19.53,1,Mudah,Pemula
202300428,90.4,67.3,100.0,57.0,70.9,73.4,76.5,18,2,906,91.2,83.6,69.9,15.82,1,Sedang,Mahir
202300429,64.6,40.6,39.3,34.4,50.8,41.3,45.2,9,11,1181,52.0,50.3,29.1,10.91,1,Mudah,Pemula
202300430,96.7,100.0,76.9,59.4,66.7,69.6,78.2,14,6,997,100.0,85.1,78.6,16.61,4,Sedang,Mahir
202300431,91.9,67.6,93.7,64.4,64.0,57.4,73.2,12,8,945,90.0,82.4,76.8,15.58,1,Sedang,Mahir
202300432,93.0,95.9,70.2,75.8,64.4,97.2,82.8,17,3,910,100.0,93.1,66.9,14.35,2,Sulit,Mahir
202300433,64.1,50.2,78.3,39.9,50.0,62.4,57.5,7,13,946,76.1,55.0,54.8,13.56,2,Mudah,Menengah
202300434,90.5,60.6,82.0,88.2,86.4,66.8,79.1,13,7,854,94.7,74.8,62.3,12.39,1,Sulit,Mahir
202300435,57.7,38.2,63.4,59.1,42.0,35.1,49.2,11,9,1209,56.1,55.9,34.9,12.19,1,Mudah,Pemula
202300436,48.4,34.7,43.3,29.2,15.5,45.8,36.2,7,13,1330,39.7,37.0,24.7,12.42,1,Sedang,Pemula
202300437,44.3,22.7,47.5,24.1,16.4,7.6,27.1,7,13,1101,41.0,38.7,15.3,15.72,2,Mudah,Pemula
202300438,49.6,54.3,56.2,64.6,30.7,21.2,46.1,11,9,1281,61.3,45.7,53.7,16.62,4,Mudah,Menengah
202300439,69.9,53.2,63.7,42.5,34.4,41.1,50.8,11,9,1281,80.0,45.0,47.1,13.92,1,Mudah,Menengah
202300440,100.0,47.9,68.9,51.5,82.4,66.1,69.5,8,12,1276,68.1,68.7,50.5,19.49,4,Sedang,Menengah
202300441,64.0,99.5,89.2,92.8,76.2,77.9,83.3,14,6,1058,89.4,87.7,67.9,12.96,1,Mudah,Mahir
202300442,44.6,51.1,47.1,48.3,52.2,29.5,45.5,9,11,1376,54.1,36.3,7.9,8.29,1,Sedang,Pemula
202300443,55.4,86.8,69.7,73.2,60.0,78.2,70.6,13,7,1449,77.2,69.5,64.1,11.59,3,Sulit,Menengah
202300444,56.3,25.4,39.4,49.5,36.5,36.8,40.6,8,12,1197,47.3,47.6,23.7,10.86,3,Mudah,Pemula
202300445,45.0,48.5,46.7,6.9,50.6,26.7,37.4,9,11,1079,68.5,36.5,29.3,17.24,1,Mudah,Pemula
202300446,81.8,82.6,48.2,80.8,21.7,49.8,60.8,10,10,861,73.4,60.5,58.2,25.0,2,Mudah,Menengah
202300447,100.0,70.8,70.3,87.2,86.6,90.2,84.2,19,1,1264,98.9,87.4,65.4,11.6,3,Mudah,Mahir
202300448,53.4,67.5,48.0,51.0,43.9,35.1,49.8,7,13,1480,63.1,56.7,29.5,10.79,3,Sedang,Menengah
202300449,59.3,40.8,26.9,42.0,58.2,26.4,42.3,8,12,1127,55.7,29.3,30.6,14.38,2,Sedang,Pemula
202300450,26.2,78.8,38.9,52.4,62.9,47.8,51.2,7,13,1084,66.7,48.5,37.4,18.37,1,Mudah,Menengah
202300451,69.8,70.9,52.4,46.3,20.5,2.5,43.7,8,12,1206,49.3,38.5,19.3,27.35,1,Mudah,Pemula
202300452,100.0,73.7,77.3,82.8,91.8,68.2,82.3,14,6,1198,95.0,85.9,70.1,11.85,2,Sedang,Mahir
202300453,90.7,100.0,66.7,59.5,62.4,56.9,72.7,14,6,878,81.9,69.2,64.9,18.08,2,Mudah,Menengah
202300454,40.9,31.4,23.6,51.0,29.7,54.9,38.6,7,13,895,66.8,44.5,39.9,12.5,1,Sedang,Pemula
202300455,31.2,64.2,27.6,18.8,46.4,8.0,32.7,10,10,1598,48.4,50.2,14.5,20.06,1,Sulit,Pemula
202300456,38.0,50.4,39.6,27.5,28.3,23.8,34.6,8,12,1330,62.6,32.7,30.1,9.93,1,Mudah,Pemula
202300457,99.1,76.0,87.3,100.0,97.4,70.6,88.4,18,2,1060,94.9,83.4,80.2,12.66,2,Sedang,Mahir
202300458,64.9,62.8,52.0,47.8,56.0,62.5,57.7,15,5,1108,73.8,48.7,46.7,6.85,1,Sulit,Menengah
202300459,97.9,87.2,79.1,67.0,73.6,71.9,79.4,18,2,1076,90.0,78.0,62.7,11.37,1,Sedang,Mahir
202300460,51.8,75.9,81.8,59.1,77.4,81.1,71.2,16,4,844,75.1,72.5,64.3,12.6,1,Sedang,Menengah
202300461,77.9,66.2,54.2,57.2,63.8,60.4,63.3,13,7,1007,68.4,61.9,50.9,8.37,3,Sulit,Menengah
202300462,47.2,62.8,34.3,32.9,55.3,33.4,44.3,10,10,1242,53.8,49.8,19.8,12.81,2,Sedang,Pemula
202300463,88.2,100.0,81.1,73.8,92.4,81.5,86.2,17,3,618,97.9,90.2,72.8,9.32,1,Sedang,Mahir
202300464,26.3,44.0,42.1,38.4,35.9,13.8,33.4,4,16,1251,41.4,47.9,36.5,11.44,1,Sedang,Pemula
202300465,77.4,86.3,63.8,55.4,70.8,66.0,70.0,15,5,1028,87.0,63.6,57.0,10.85,1,Sedang,Menengah
202300466,34.8,78.1,71.2,74.4,66.5,42.9,61.3,13,7,1048,76.5,55.9,50.0,18.0,2,Sedang,Menengah
202300467,82.8,74.3,44.8,73.7,66.5,51.3,65.6,7,13,1030,72.2,56.3,44.6,14.66,2,Sedang,Menengah
202300468,68.3,79.1,66.5,97.1,71.5,76.9,76.6,15,5,865,90.8,74.3,79.6,11.17,2,Sulit,Mahir
202300469,37.6,21.8,27.9,36.5,51.1,38.9,35.6,5,15,1004,53.9,27.2,21.4,10.06,2,Mudah,Pemula
202300470,56.3,53.3,57.3,100.0,77.7,23.3,61.3,12,8,1164,75.1,60.4,57.6,25.75,1,Mudah,Menengah
202300471,83.7,66.1,55.1,84.2,63.8,69.4,70.4,11,9,1054,79.7,75.0,56.0,11.53,1,Mudah,Menengah
202300472,60.7,67.8,55.8,61.3,46.7,53.0,57.6,10,10,936,62.7,68.0,53.4,7.36,1,Mudah,Menengah
202300473,45.9,58.6,42.7,28.5,61.1,10.5,41.2,11,9,1251,50.2,46.6,20.9,19.11,2,Sedang,Pemula
202300474,25.5,24.4,38.1,32.1,38.3,0.0,26.4,9,11,1264,37.6,46.3,13.3,14.23,1,Mudah,Pemula
202300475,60.7,63.7,42.2,59.5,45.5,8.9,46.8,10,10,1194,60.4,36.1,23.2,20.49,2,Sedang,Pemula
202300476,57.1,71.3,48.1,63.2,33.2,28.9,50.3,4,16,910,58.0,29.3,33.6,16.79,1,Sedang,Pemula
202300477,66.8,87.4,68.4,86.6,85.8,74.4,78.2,18,2,1143,86.5,85.0,67.9,9.52,2,Mudah,Menengah
202300478,62.8,54.4,62.9,57.7,53.0,53.0,57.3,9,11,974,65.3,41.9,37.0,4.63,1,Mudah,Menengah
202300479,51.5,91.1,76.3,51.1,48.2,56.5,62.4,10,10,1079,80.9,66.5,60.3,17.32,1,Sedang,Menengah
202300480,76.6,67.3,70.8,71.1,72.6,43.4,67.0,10,10,987,72.6,67.5,40.2,11.93,2,Sedang,Menengah
202300481,49.8,65.4,75.1,46.2,60.0,47.4,57.3,11,9,1045,82.2,64.8,37.2,11.55,1,Sedang,Menengah
202300482,62.0,38.3,45.4,24.2,37.4,33.2,40.1,10,10,1439,53.1,39.5,29.9,12.8,1,Mudah,Pemula
202300483,76.1,61.0,59.7,72.4,71.6,61.0,67.0,15,5,1191,92.2,57.4,51.0,7.19,1,Mudah,Menengah
202300484,64.1,23.3,34.0,48.7,55.0,11.9,39.5,9,11,1447,60.4,38.8,19.8,19.92,2,Mudah,Pemula
202300485,38.0,54.3,62.2,64.9,53.3,54.2,54.5,12,8,1251,72.0,57.2,41.5,9.39,1,Mudah,Pemula
202300486,65.6,46.5,54.6,58.5,53.8,43.0,53.7,10,10,1201,78.3,60.4,58.0,8.15,4,Sulit,Menengah
202300487,98.2,100.0,58.2,76.1,72.4,50.1,75.8,14,6,796,81.3,64.0,61.5,20.34,4,Mudah,Menengah
202300488,59.4,26.8,50.5,16.7,38.4,19.6,35.2,6,14,1236,53.1,26.8,30.9,17.24,3,Mudah,Pemula
202300489,63.5,59.6,72.5,50.0,42.8,68.9,59.5,13,7,1088,74.5,57.0,54.2,11.34,1,Sulit,Menengah
202300490,68.5,73.0,52.4,32.5,64.0,52.5,57.2,12,8,1356,80.3,59.3,45.8,14.69,2,Sedang,Menengah
202300491,70.7,79.1,68.7,43.3,50.8,41.8,59.1,11,9,1024,82.2,68.1,55.4,15.78,1,Sedang,Menengah
202300492,72.1,82.6,79.7,80.6,99.0,73.0,81.2,15,5,1112,87.2,66.1,50.7,9.71,3,Sedang,Menengah
202300493,57.2,77.7,29.8,59.8,77.5,84.7,64.4,11,9,1160,77.3,47.1,57.2,20.15,2,Sulit,Menengah
202300494,45.5,9.9,23.0,47.9,43.0,34.8,34.0,5,15,1453,63.1,41.6,4.2,14.89,1,Mudah,Pemula
202300495,57.2,70.1,73.2,100.0,79.5,86.8,77.8,13,7,1014,82.8,71.1,61.3,14.71,1,Mudah,Mahir
202300496,72.5,56.1,62.3,51.5,55.9,79.9,63.0,11,9,1262,86.7,66.4,49.8,11.01,3,Sulit,Menengah
202300497,69.8,34.6,72.6,58.2,34.6,39.6,51.6,14,6,906,66.3,48.2,34.3,17.54,3,Sulit,Menengah
202300498,61.2,55.5,43.1,39.5,34.8,54.5,48.1,9,11,896,63.1,50.6,41.7,10.42,2,Sulit,Menengah
202300499,11.3,18.5,37.5,20.1,12.9,14.4,19.1,4,16,885,51.1,42.7,37.9,9.61,2,Mudah,Pemula
202300500,83.4,46.0,38.9,67.0,67.2,54.3,59.5,13,7,1200,75.0,87.4,66.6,16.25,3,Sulit,Menengah
202300501,100.0,74.8,77.6,67.5,44.8,61.1,71.0,16,4,1128,97.8,85.1,63.1,18.42,3,Mudah,Menengah
202300502,73.9,78.0,70.2,77.8,62.4,69.4,72.0,16,4,1163,87.8,81.0,64.8,5.92,3,Sedang,Mahir
202300503,82.6,98.4,78.1,100.0,82.6,73.5,85.9,19,1,850,100.0,92.7,69.2,10.88,1,Sulit,Mahir
202300504,57.1,68.9,86.9,47.3,61.8,53.7,62.6,15,5,1023,85.3,52.2,57.4,13.96,2,Mudah,Menengah
202300505,54.8,81.2,73.8,62.3,52.7,58.9,64.0,14,6,1108,72.1,54.2,48.3,11.25,3,Mudah,Menengah
202300506,89.7,100.0,83.1,69.0,74.0,72.7,81.4,14,6,1220,97.6,67.6,59.4,11.85,1,Sedang,Mahir
202300507,63.8,64.8,32.5,48.9,61.2,6.3,46.2,9,11,1528,46.6,52.5,24.2,23.1,1,Sulit,Pemula
202300508,83.5,90.9,93.6,88.3,90.5,68.5,85.9,17,3,1125,95.2,94.2,74.6,9.16,1,Mudah,Mahir
202300509,76.7,72.9,56.7,70.2,46.8,36.0,59.9,11,9,1189,90.0,63.3,55.3,16.19,1,Sulit,Menengah
202300510,32.7,43.5,13.2,16.8,19.9,19.4,24.2,5,15,1532,48.9,31.2,10.3,11.51,3,Mudah,Pemula
202300511,49.8,35.4,0.0,26.1,19.7,30.5,26.9,4,16,1283,41.6,18.3,6.9,16.65,1,Sedang,Pemula
202300512,95.3,84.6,79.6,99.8,74.5,77.3,85.2,18,2,919,96.6,84.7,88.2,10.24,2,Mudah,Mahir
202300513,47.5,35.6,44.9,56.9,21.9,21.2,38.0,6,14,1250,51.8,50.6,20.6,14.44,1,Sulit,Pemula
202300514,37.1,22.1,71.0,43.2,37.7,29.1,40.0,9,11,1128,50.6,36.7,22.8,16.88,3,Mudah,Pemula
202300515,31.3,43.8,42.3,33.9,20.2,32.8,34.0,7,13,1231,51.5,36.1,19.3,8.53,3,Sedang,Pemula
202300516,39.6,45.9,36.9,57.0,29.5,19.7,38.1,7,13,1047,62.7,33.3,34.8,12.92,2,Mudah,Pemula
202300517,38.2,36.8,22.1,75.8,32.0,42.8,41.3,9,11,1416,49.5,50.9,14.4,18.32,2,Sulit,Pemula
202300518,54.7,60.7,65.6,57.5,56.2,63.7,59.7,8,12,1232,67.3,58.6,43.6,4.33,1,Sulit,Menengah
202300519,64.6,35.6,27.4,63.5,23.1,47.5,43.6,8,12,1437,64.8,36.3,25.3,17.88,3,Mudah,Pemula
202300520,100.0,100.0,100.0,81.2,77.8,73.6,88.8,17,3,693,97.9,84.4,74.7,12.54,2,Mudah,Mahir
202300521,100.0,94.9,95.6,90.3,90.5,90.5,93.6,18,2,1291,100.0,76.5,82.2,3.92,1,Sedang,Mahir
202300522,27.7,37.4,57.9,54.0,45.8,28.8,41.9,10,10,967,60.7,45.9,27.2,12.74,4,Sedang,Pemula
202300523,55.8,65.2,45.9,53.1,73.6,46.0,56.6,10,10,1016,51.7,50.1,38.9,10.98,1,Sulit,Pemula
202300524,58.7,64.3,81.1,57.1,86.2,59.7,67.8,12,8,981,84.4,66.3,68.4,12.57,2,Sedang,Menengah
202300525,39.4,35.6,44.1,29.1,50.5,29.4,38.0,6,14,1443,48.2,49.7,28.2,8.42,1,Sedang,Pemula
202300526,38.2,63.6,25.0,53.2,77.4,6.5,44.0,9,11,1270,62.3,44.7,35.2,26.02,2,Sedang,Pemula
202300527,59.2,75.7,100.0,98.8,94.6,74.2,83.7,15,5,947,98.1,93.0,77.3,16.53,1,Sedang,Mahir
202300528,88.4,76.0,76.6,100.0,72.7,62.7,79.4,16,4,908,100.0,75.0,66.3,13.03,1,Mudah,Mahir
202300529,100.0,98.3,99.5,100.0,92.5,74.8,94.2,15,5,760,100.0,100.0,79.8,9.91,2,Mudah,Mahir
202300530,40.3,47.5,1.2,29.5,19.3,37.3,29.2,5,15,1498,38.1,26.6,24.0,16.77,4,Mudah,Pemula
202300531,67.7,63.7,73.1,46.9,55.4,37.3,57.4,11,9,1278,60.1,51.9,41.3,13.49,1,Sedang,Menengah
202300532,96.6,61.0,85.9,89.0,59.3,52.0,74.0,15,5,1291,80.3,63.6,52.1,18.69,2,Mudah,Menengah
202300533,51.1,50.8,49.0,59.0,47.9,25.2,47.2,9,11,1288,52.6,44.4,23.2,11.45,2,Sedang,Pemula
202300534,74.5,71.2,81.3,64.3,52.5,49.1,65.5,11,9,645,96.9,59.9,66.9,12.67,3,Mudah,Menengah
202300535,15.9,58.7,42.6,22.7,28.1,43.1,35.2,5,15,1072,52.0,40.2,28.5,15.8,1,Sedang,Pemula
202300536,53.1,31.8,29.1,38.2,37.1,46.8,39.3,8,12,1382,51.5,18.6,9.2,9.09,2,Mudah,Pemula
202300537,66.4,40.9,64.3,55.5,54.7,39.4,53.5,10,10,1071,73.8,62.7,34.6,11.37,4,Sedang,Menengah
202300538,36.0,50.1,27.3,40.0,2.2,19.3,29.1,8,12,1166,53.6,31.3,19.2,16.91,1,Mudah,Pemula
202300539,50.0,67.3,40.8,53.1,15.1,18.8,40.8,9,11,1080,54.4,37.9,27.5,20.41,1,Mudah,Pemula
202300540,85.6,100.0,100.0,95.8,68.7,99.0,91.5,15,5,1119,100.0,92.9,76.2,12.44,3,Mudah,Mahir
202300541,82.3,100.0,92.1,96.2,58.0,74.6,83.9,14,6,1085,97.1,97.3,70.5,15.73,1,Sedang,Mahir
202300542,90.2,54.9,57.4,39.3,62.7,64.8,61.6,13,7,1189,72.8,57.6,49.4,16.67,1,Sedang,Menengah
202300543,65.3,96.2,69.3,76.9,67.9,53.6,71.5,12,8,930,100.0,77.0,73.2,14.25,1,Mudah,Mahir
202300544,100.0,75.2,63.1,90.1,96.1,62.7,81.2,12,8,1016,97.5,80.2,75.7,16.5,3,Sedang,Mahir
202300545,34.1,46.1,45.0,25.7,44.6,32.5,38.0,6,14,1045,51.3,33.9,27.1,8.43,4,Sedang,Pemula
202300546,61.6,43.4,45.2,60.5,58.2,47.4,52.7,10,10,1128,55.5,53.5,47.2,8.26,2,Sedang,Menengah
202300547,69.4,25.0,41.2,18.4,42.0,5.9,33.7,6,14,865,56.2,44.1,24.6,22.28,2,Sedang,Pemula
202300548,47.4,28.3,49.7,29.7,35.2,22.7,35.5,8,12,1016,53.3,35.3,24.6,10.89,1,Mudah,Pemula
202300549,71.2,83.9,65.9,74.8,72.3,76.1,74.0,17,3,1080,76.0,77.1,42.9,5.99,1,Sedang,Menengah
202300550,56.3,89.0,85.2,96.4,77.6,60.7,77.5,14,6,1438,85.2,76.5,64.2,16.0,1,Sulit,Menengah
202300551,68.9,62.4,53.2,53.3,57.3,74.0,61.5,13,7,837,73.0,55.3,55.9,8.55,1,Sulit,Menengah
202300552,46.1,16.0,37.1,45.1,45.0,33.9,37.2,8,12,1071,50.1,35.7,29.0,11.51,1,Mudah,Pemula
202300553,36.8,23.7,11.0,30.4,0.0,6.5,18.1,1,19,1382,42.1,19.7,7.6,14.46,2,Sedang,Pemula
202300554,78.8,79.6,91.0,83.2,68.8,59.8,76.9,14,6,1311,96.4,84.1,59.8,11.02,1,Mudah,Mahir
202300555,36.0,51.5,26.7,36.9,28.9,38.7,36.4,7,13,1303,50.8,26.7,15.0,8.76,1,Sedang,Pemula
202300556,39.7,60.1,51.0,34.9,43.2,25.0,42.3,9,11,1401,54.9,25.8,14.0,12.28,1,Mudah,Pemula
202300557,36.8,68.2,37.5,68.5,62.0,36.2,51.5,11,9,1147,63.2,45.5,36.4,16.27,1,Mudah,Pemula
202300558,58.8,57.5,46.4,65.4,35.4,79.0,57.1,14,6,1046,73.0,66.8,49.2,15.08,1,Sedang,Menengah
202300559,89.0,31.4,62.8,48.1,95.6,48.6,62.6,13,7,1088,85.9,79.4,50.9,25.16,1,Sulit,Menengah
202300560,65.4,48.1,77.4,65.1,38.3,74.2,61.4,9,11,1014,69.2,73.0,43.5,15.23,1,Mudah,Menengah
202300561,48.0,60.1,47.4,52.7,16.6,25.1,41.6,7,13,1374,55.7,44.0,8.6,16.95,2,Sedang,Pemula
202300562,40.0,41.5,30.3,41.7,46.8,22.3,37.1,9,11,1006,44.1,38.8,0.4,9.04,3,Sedang,Pemula
202300563,94.7,72.2,86.7,97.8,75.0,88.8,85.9,19,1,1144,90.9,88.6,70.1,10.34,3,Sulit,Mahir
202300564,81.7,98.6,70.1,63.6,40.2,62.2,69.4,12,8,1066,75.2,65.3,77.6,19.71,3,Sedang,Menengah
202300565,73.3,70.3,93.4,41.3,55.7,47.3,63.6,14,6,1171,62.0,36.2,46.9,19.25,2,Mudah,Menengah
202300566,53.3,53.5,54.2,52.9,49.3,9.3,45.4,9,11,931,74.6,54.0,29.9,17.78,3,Mudah,Menengah
202300567,47.7,60.9,54.4,16.6,72.0,53.5,50.8,11,9,984,73.0,52.7,48.7,18.71,2,Sedang,Menengah
202300568,58.9,40.1,57.6,42.2,27.4,0.0,37.7,5,15,1451,58.0,39.6,12.9,21.9,2,Mudah,Pemula
202300569,35.9,47.5,22.2,24.0,36.1,37.6,33.9,6,14,1197,72.9,45.7,19.9,9.41,1,Sulit,Pemula
202300570,63.5,97.7,70.8,51.6,67.5,59.9,68.5,14,6,1149,82.3,67.6,45.5,15.77,1,Sulit,Menengah
202300571,43.9,51.0,57.1,48.5,56.1,37.8,49.1,10,10,1135,46.7,43.9,18.1,7.37,1,Sulit,Pemula
202300572,95.2,96.7,81.3,96.9,50.1,58.0,79.7,12,8,966,98.3,93.9,74.8,20.86,1,Mudah,Mahir
202300573,90.5,90.2,37.9,81.8,52.9,37.8,65.2,13,7,865,83.2,70.5,59.0,25.25,3,Sedang,Menengah
202300574,63.3,48.2,63.3,42.4,56.0,47.3,53.4,8,12,1131,74.3,61.0,56.7,8.81,1,Sedang,Menengah
202300575,88.9,94.7,100.0,92.1,70.8,79.6,87.7,17,3,1032,98.5,88.6,73.5,10.7,2,Mudah,Mahir
202300576,61.9,69.0,72.1,65.5,61.3,33.4,60.5,15,5,1163,84.5,60.5,52.9,13.92,3,Mudah,Menengah
202300577,79.8,42.0,62.1,68.6,73.2,64.7,65.1,14,6,874,100.0,78.8,60.5,12.94,2,Mudah,Mahir
202300578,81.6,47.2,67.2,63.1,61.6,58.4,63.2,13,7,1042,71.3,85.5,45.8,11.28,1,Mudah,Menengah
202300579,86.8,72.1,73.2,92.5,82.6,58.9,77.7,16,4,1084,92.6,84.8,61.1,12.09,1,Sulit,Mahir
202300580,69.0,48.9,45.5,7.3,43.2,26.9,40.1,11,9,1226,51.2,43.2,27.6,20.98,1,Sulit,Pemula
202300581,100.0,78.4,93.5,72.0,64.0,74.7,80.4,15,5,1023,89.4,66.9,57.5,13.65,4,Mudah,Menengah
202300582,46.9,56.6,57.0,32.5,37.1,42.7,45.5,10,10,1514,69.2,55.4,20.3,10.05,2,Sedang,Menengah
202300583,44.8,54.3,33.3,31.5,15.7,0.0,29.9,6,14,1167,60.3,35.4,10.2,19.63,2,Mudah,Pemula
202300584,30.2,21.8,15.3,20.1,25.1,20.3,22.1,4,16,1482,42.9,37.1,3.9,5.06,2,Mudah,Pemula
202300585,72.1,84.4,78.2,73.0,53.7,58.3,70.0,13,7,828,92.7,82.7,80.8,11.75,2,Mudah,Mahir
202300586,57.5,62.1,69.9,91.5,59.4,49.3,65.0,15,5,1235,79.0,68.7,45.4,14.62,2,Sedang,Menengah
202300587,24.1,22.0,20.0,21.9,19.3,24.1,21.9,3,17,1436,39.4,38.4,14.6,2.0,1,Sedang,Pemula
202300588,38.1,43.4,36.2,43.4,43.6,43.7,41.4,7,13,1219,46.3,35.1,22.0,3.35,1,Sulit,Pemula
202300589,45.5,24.6,39.8,63.0,39.5,24.4,39.5,6,14,1101,45.5,33.2,8.8,14.41,1,Sulit,Pemula
202300590,53.0,82.1,37.5,43.1,69.7,52.6,56.3,10,10,841,55.5,63.5,45.0,16.72,2,Mudah,Pemula
202300591,100.0,80.2,84.0,100.0,73.7,61.6,83.2,19,1,849,100.0,85.7,83.9,15.04,3,Sedang,Mahir
202300592,50.2,92.4,51.8,58.2,42.9,56.2,58.6,14,6,1221,73.4,55.5,49.3,17.39,2,Mudah,Menengah
202300593,83.9,44.3,52.0,65.3,24.3,22.8,48.8,13,7,1102,59.1,37.1,22.3,23.71,2,Mudah,Pemula
202300594,50.7,76.1,70.9,65.0,40.2,65.3,61.4,6,14,1178,70.1,43.9,33.8,13.4,4,Sedang,Menengah
202300595,32.4,32.9,21.3,28.5,36.5,8.3,26.6,6,14,1103,33.1,32.4,10.2,10.37,1,Mudah,Pemula
202300596,27.8,43.6,38.4,34.3,50.8,27.7,37.1,8,12,1227,51.6,32.4,18.6,9.1,1,Mudah,Pemula
202300597,93.2,52.1,50.6,45.6,33.6,68.7,57.3,10,10,974,58.5,53.7,46.7,20.93,3,Mudah,Menengah
202300598,81.3,64.0,47.4,67.0,58.3,51.5,61.6,16,4,1112,69.2,61.0,56.9,12.15,3,Mudah,Menengah
202300599,72.7,72.6,71.9,83.7,74.9,56.2,72.0,14,6,969,92.8,75.3,67.7,8.9,2,Sulit,Mahir
202300600,49.4,52.9,59.5,53.3,62.3,73.6,58.5,14,6,958,70.9,56.0,48.5,8.77,1,Mudah,Menengah
